id,indexed_date,language,media_name,media_url,publish_date,title,url
2bebedf9fbca04686cea1f6569663bf8a703ed74ee28df9f41443e9a6c08fa74,2026-07-20 20:30:33.099065+00:00,hu,dunaujvaros.com,dunaujvaros.com,2026-07-20,A cél: zöldítsük együtt Dunaújvárost! (2),https://dunaujvaros.com/hirek/202607/a_cel_zolditsuk_egyutt_dunaujvarost_2
998da3eec1fe486a66cba6ea29b964e660ed155036d900e000d05576e52c3069,2026-05-10 09:21:17.488495+00:00,hu,borsonline.hu,borsonline.hu,2026-05-10,Íme Magyarország top 5 legszebb természetvédelmi területe,https://www.borsonline.hu/belfoldi-utazas/2026/05/madarak-es-fak-napja
e9ef828883e406b4ca6736ff6bd230fbfddd77d463df20d21ba6a2dcfef4a04e,2026-01-28 10:21:45.099539+00:00,hu,portfolio.hu,portfolio.hu,2026-01-28,Friss eredmények: így állnak a magyar cégek a körforgásos gazdaságra való átállással,https://www.portfolio.hu/uzlet/20260128/friss-eredmenyek-igy-allnak-a-magyar-cegek-a-korforgasos-gazdasagra-valo-atallassal-813864
f3a9ba8453d784e0988afeb4c5b1153c2c61f070515e8ac872da2b291d935b62,2026-01-10 19:23:05.420654+00:00,hu,portfolio.hu,portfolio.hu,2026-01-10,Bejelentették: 1200 megawattos új atomerőmű épülhet a szomszédban,https://www.portfolio.hu/uzlet/20260110/bejelentettek-1200-megawattos-uj-atomeromu-epulhet-a-szomszedban-810213
9a7b7d8ad35395dab1dd3230f652851994c249021d7e2fad44ce0e6c28b8155e,2026-01-10 19:22:20.895622+00:00,hu,portfolio.hu,portfolio.hu,2026-01-10,"Elfogyott a víz a hatmilliós fővárosban, már vízszüneteket tartanak",https://www.portfolio.hu/global/20260110/elfogyott-a-viz-a-hatmillios-fovarosban-mar-vizszuneteket-tartanak-810215
3a47ea06b12d6ca58362a4d6c90289d00b82308e45383554d9fdb6a52738ade4,2026-01-10 18:23:41.615270+00:00,hu,portfolio.hu,portfolio.hu,2026-01-10,Kérést intézett a lakossághoz a BRFK,https://www.portfolio.hu/gazdasag/20260110/kerest-intezett-a-lakossaghoz-a-brfk-810207
a6318a1fb949b66574fc0447b47a865c4e756a3e4fddf1e64173efd1c339b460,2026-01-10 18:23:21.573347+00:00,hu,portfolio.hu,portfolio.hu,2026-01-10,Donald Trump nemzeti vészhelyzetet hirdetett Venzeuela érdekében,https://www.portfolio.hu/global/20260110/donald-trump-nemzeti-veszhelyzetet-hirdetett-venzeuela-erdekeben-810211
3c2318b2869e2a8951c9ef0aa8716cb259a3dad55a1dd44c52172c94474c2807,2026-01-10 18:23:09.019135+00:00,hu,portfolio.hu,portfolio.hu,2026-01-10,Jön az újabb hideghullám: néhol -20 fokig eshet a hőmérséklet Magyarországon,https://www.portfolio.hu/gazdasag/20260110/jon-az-ujabb-hideghullam-nehol-20-fokig-eshet-a-homerseklet-magyarorszagon-810209
6cf3072d8b80c17345a8f124a4e14dd812c630762eef9774ab37cff322897845,2026-01-10 17:18:36.021855+00:00,hu,portfolio.hu,portfolio.hu,2026-01-10,Volgográdi olajraktár gyulladt ki ukrán dróncsapás miatt,https://www.portfolio.hu/gazdasag/20260110/volgogradi-olajraktar-gyulladt-ki-ukran-droncsapas-miatt-810203
c44b45aadb87f85c71ac47ed857bbc35427071aadc582b4d4e4a1672bdd74302,2026-01-10 17:18:25.708026+00:00,hu,portfolio.hu,portfolio.hu,2026-01-10,Évtizedekig próbálták leváltani a legendás amerikai fegyvert – Egészen különleges okokból dőlt be a projekt,https://www.portfolio.hu/global/20260110/evtizedekig-probaltak-levaltani-a-legendas-amerikai-fegyvert-egeszen-kulonleges-okokbol-dolt-be-a-projekt-806916
d1fa368b0546341890db702137b3b6241d540b7df35b15ef9f8374411ab29db5,2026-01-10 17:18:20.286614+00:00,hu,portfolio.hu,portfolio.hu,2026-01-10,Négy venezuelai tanker tért haza,https://www.portfolio.hu/global/20260110/negy-venezuelai-tanker-tert-haza-810197
ee9edef4660bd59e8663ed227863de5b38e04bbd392a7e5ad6061a82a78f9599,2026-01-10 17:17:58.407256+00:00,hu,portfolio.hu,portfolio.hu,2026-01-10,Mi lesz a gázszámlákkal? Megszólalt az MVM a zord idő miatt,https://www.portfolio.hu/uzlet/20260110/mi-lesz-a-gazszamlakkal-megszolalt-az-mvm-a-zord-ido-miatt-810201
60189984d93b0543ac482a24d11cf67258c23942e280808ba89aa2ee5d8056aa,2026-01-10 17:17:53.718525+00:00,hu,portfolio.hu,portfolio.hu,2026-01-10,Összeül az ENSZ BT az oroszok újabb húzása miatt,https://www.portfolio.hu/global/20260110/osszeul-az-ensz-bt-az-oroszok-ujabb-huzasa-miatt-810205
c628438f3afe8dfceeb2b01dfaf128340e1c7a4826e5a627b394530b1331f65a,2026-01-10 17:17:19.500670+00:00,hu,portfolio.hu,portfolio.hu,2026-01-10,Gigantikus veszteség a cseh jegybanknál,https://www.portfolio.hu/deviza/20260110/gigantikus-veszteseg-a-cseh-jegybanknal-810199
526d9e3599c645714f4964cf4c9950349fe5aca2be99c015c992c36ef664acde,2026-01-10 17:17:16.923554+00:00,hu,portfolio.hu,portfolio.hu,2026-01-10,Hármas környezeti kihívással kell megküzdenie a bolygónknak – Hogyan lehet ebből kiút?,https://www.portfolio.hu/gazdasag/20260110/harmas-kornyezeti-kihivassal-kell-megkuzdenie-a-bolygonknak-hogyan-lehet-ebbol-kiut-809531
78eccb75d75bee3686732d82830c12fa7334be502a1f0f79fbbcb3de80b6c237,2025-12-03 12:23:38.126479+00:00,hu,vg.hu,vg.hu,2025-12-03,"Anyagfelhasználás: hiába az újrahasznosítás, ha egyre tübb szűz anyagot használunk",https://www.vg.hu/nemzetkozi-gazdasag/2025/12/anyagfelhasznalas-korforgas-chikan-klimavaltozas?utm_source=hirstart&utm_medium=referral&utm_campaign=hiraggregator
d27c24ef2783d7fce6f747772f25544b3c0261e045ccff355cea95f5d8dcec57,2025-11-11 23:33:18.182117+00:00,hu,magyarhirlap.hu,magyarhirlap.hu,2025-11-11,Jelentős támogatást kapnak a fenntartható mezőgazdasági gyakorlatokat vállaló gazdák,https://www.magyarhirlap.hu/belfold/20251111-ujabb-jelentos-tamogatashoz-jutnak-a-fenntarthato-mezogazdasagi-gyakorlatokat-vallalo-gazdak
252aa648d52002296712b3a1ec02cb2c35c403cc6449d1f67cb0f605bbba38e5,2025-10-05 09:18:55.100430+00:00,hu,portfolio.hu,portfolio.hu,2025-10-05,Az újrahasznosítás nem elég: drasztikusabb megoldásokra lenne szükség,https://www.portfolio.hu/gazdasag/20251005/az-ujrahasznositas-nem-eleg-drasztikusabb-megoldasokra-lenne-szukseg-788342
09ea9bd8fa4de9bf571033ec3fe42e9f4823c0b77897b48475eb2026718bdaf0,2025-09-29 06:24:22.807388+00:00,hu,index.hu,index.hu,2025-09-29,Az emirátusok szépen csendben lekörözik a nagyokat a mesterséges intelligencia terén,https://index.hu/kulfold/2025/09/29/egyesult-arab-emirsegek-mesterseges-intelligencia-fejlesztes-felho-alapu-szolgaltatas/
3505a5ecb79f636b0fdf6486beaa188ef0579af49a9d59f002b608cd63c5fdb0,2025-07-27 01:12:13.335524+00:00,hu,nepszava.hu,nepszava.hu,2018-05-02,Nem jó jel: megjelentek a homokkalózok,http://nepszava.hu/cikk/1158850-nem-jo-jel-megjelentek-a-homokkalozok/
4241de04e955820be65589ff9ba76b701d6b8bdbeb0e07d8f28957b6dd56bcc5,2025-07-24 16:20:19.278636+00:00,hu,vg.hu,vg.hu,2018-06-19,Zöldebb és jobb városok,https://www.vg.hu/velemeny/zoldebb-es-jobb-varosok-2-962898/
ccf11d8858738026de1057f9e60c0699bbab39af95a2521c4b0f49d57c8d5da1,2025-07-12 04:46:37.032094+00:00,hu,magyarnarancs.hu,magyarnarancs.hu,2018-05-23,"Ellentmondást nem tűrő államosítás, felszívódó milliárdok, káosz: utánajártunk, miért van tele az ország a szétszórt szeméttel",https://m.magyarnarancs.hu/belpol/ellentmondast-nem-turo-allamositas-felszivodo-milliardok-kaosz-utanajartunk-miert-van-tele-az-orszag-a-szetszort-szemettel-118796
9e1904b9258df05b8a1b4ad4eb347776508496226c6dedb4db126ee2d95acdce,2025-07-07 10:39:27.893270+00:00,hu,duol.hu,duol.hu,2019-03-03,Hulladékszobraikkal hívják fel a figyelmet a környezetvédelemre,https://www.duol.hu/eletstilus/helyi-eletstilus/hulladekszobraikkal-hivjak-fel-a-figyelmet-a-kornyezetvedelemre-2702218/
26f4896f7f188feb2c64f91f7ff0bed4d3322554f928e6acf4e4ab0c28b299f4,2025-07-02 20:33:40.403385+00:00,hu,magyarkurir.hu,magyarkurir.hu,2025-07-02,XIV. Leó pápa a FAO közgyűléséhez: Az éhínség botrány és szégyen háborús eszközként felhasználni,https://www.magyarkurir.hu/hirek/xiv-leo-papa-fao-kozgyulesehez-az-ehinseg-botrany-es-szegyen-haborus-eszkozkent-felhasznalni
3aae2e365e7f2caf95644d006f562e275bf8204a44e4148ef79d73c995398cb8,2025-06-28 00:30:59.003252+00:00,hu,duol.hu,duol.hu,2019-09-13,Csökkenti a stresszt a kertészkedés,https://www.duol.hu/eletstilus/csokkenti-a-stresszt-a-kerteszkedes-3004635/
e526cb3b0f108aa0eff2d59ef4c4c0e572ef5f49fb608a726f003ddfdc90fc30,2025-06-28 00:30:57.751991+00:00,hu,szon.hu,szon.hu,2019-09-13,Csökkenti a stresszt a kertészkedés,https://szon.hu/eletstilus/csokkenti-a-stresszt-a-kerteszkedes-3385581/
58e26e214abdba054fda4879e5e985e75701b2d69b0501a6f2d00bf2ae22f832,2025-06-28 00:30:53.972667+00:00,hu,szoljon.hu,szoljon.hu,2019-09-13,Csökkenti a stresszt a kertészkedés,https://www.szoljon.hu/eletstilus/csokkenti-a-stresszt-a-kerteszkedes-1916139/
4caced835db260fc32c37492fb8a01ce31f595eb6d024467329aff143dcd4a66,2025-06-28 00:30:19.545820+00:00,hu,veol.hu,veol.hu,2019-09-13,Csökkenti a stresszt a kertészkedés,https://www.veol.hu/eletstilus/csokkenti-a-stresszt-a-kerteszkedes-3074340/
e75c2323b3a53fdcfb1bdc792fad33f234efd8e53fd2c1e835a9b1bcb0ed38d6,2025-06-28 00:30:18.955061+00:00,hu,beol.hu,beol.hu,2019-09-13,Csökkenti a stresszt a kertészkedés,https://www.beol.hu/eletstilus/csokkenti-a-stresszt-a-kerteszkedes-2196597/
6191d24b36cfb24cc9f745cccf65b58527ca3522d96838caeb461fe1d92bd548,2025-06-28 00:30:18.162878+00:00,hu,boon.hu,boon.hu,2019-09-13,Csökkenti a stresszt a kertészkedés,https://boon.hu/eletstilus/csokkenti-a-stresszt-a-kerteszkedes-3794652/
39f491062bdd04fbf86fa9acb002770a8e7afc4d8e76dfccc9a47a4e4d2d65b9,2025-06-28 00:29:50.702589+00:00,hu,haon.hu,haon.hu,2019-09-13,Csökkenti a stresszt a kertészkedés,https://haon.hu/eletstilus/csokkenti-a-stresszt-a-kerteszkedes-3542625/
baa5e527dc127f3e60c6f5d261ac39991c40639e652beb790685eed7afde699b,2025-06-28 00:29:50.276866+00:00,hu,bama.hu,bama.hu,2019-09-13,Csökkenti a stresszt a kertészkedés,https://www.bama.hu/eletstilus/csokkenti-a-stresszt-a-kerteszkedes-2024685/
6ddae0349526f6976fb40a111a21ca8bc1b7c1b0e0f4d1302fb5603329ccda6f,2025-06-28 00:29:23.632604+00:00,hu,heol.hu,heol.hu,2019-09-13,Csökkenti a stresszt a kertészkedés,https://www.heol.hu/eletstilus/csokkenti-a-stresszt-a-kerteszkedes-1935804/
3c16ad31bf7dfa0a1005212c35b4388ca44cbfa2a6455a739dee9d5720ed8b73,2025-06-28 00:29:22.604227+00:00,hu,feol.hu,feol.hu,2019-09-13,Csökkenti a stresszt a kertészkedés,https://www.feol.hu/eletstilus/csokkenti-a-stresszt-a-kerteszkedes-3275793/
aed83ed0597424dd458f8c4593b9fb14558f33fe5ca6f8729cd14fcd122e4e87,2025-06-28 00:29:20.078181+00:00,hu,sonline.hu,sonline.hu,2019-09-13,Csökkenti a stresszt a kertészkedés,https://www.sonline.hu/eletstilus/csokkenti-a-stresszt-a-kerteszkedes-1811136/
fb07c4f07b35804586fca8839365747fee1223ca82a862f7e39ef18515c88a95,2025-06-28 00:29:16.204684+00:00,hu,teol.hu,teol.hu,2019-09-13,Csökkenti a stresszt a kertészkedés,https://www.teol.hu/eletstilus/csokkenti-a-stresszt-a-kerteszkedes-1875297/
572afb56e66679b71337373239ecbc4dceb9dc0a0471dfa194236e6ec9e3cf1c,2025-06-26 02:18:42.526402+00:00,hu,vg.hu,vg.hu,2019-10-17,Hatalmas feladatok előtt a mezőgazdaság,https://www.vg.hu/vallalatok/mezogazdasag/hatalmas-feladatok-elott-a-mezogazdasag-2-1816617/
a94f5f56383f492ccc4332c52eadd5c393d4a00ede28f60a76da4f737a5f2d92,2025-06-24 15:45:58.236843+00:00,hu,index.hu,index.hu,2019-11-13,3600 billió forint kárt okoz a világ elcseszett élelmiszer-termelése,https://index.hu/techtud/2019/11/13/elelmiszer-termeles_elelmiszeripar_kornyezetszennyezes_kornyezetterheles_klimavaltozas_betegsegek/
954d67535862cb4f6537961fb0bf66e3b46853444414d057678c22cdbec2022c,2025-03-10 11:39:02.369057+00:00,hu,blikk.hu,blikk.hu,2025-03-10,Egyre kilátástalanabb a bolygónk és az emberiség jövője,https://www.blikk.hu/eletmod/vilag-titkai/easac-emberiseg-bolygo-jovo-klimavalsag/cdvnt8y
a23f594ed1d3e44f440d3379f3e7703d39b469dd0cacca8e7aede30662417322,2025-03-07 17:20:14.515831+00:00,hu,portfolio.hu,portfolio.hu,2025-03-07,Zöld átállás és dekarbonizáció: merre tartanak a kulcsiparágak?,https://www.portfolio.hu/gazdasag/20250307/zold-atallas-es-dekarbonizacio-merre-tartanak-a-kulcsiparagak-746291
9a724c74148640f8439a0e145a1df33424ef34fd906e0e4ae5c6ceb55ccc0990,2024-11-05 16:31:11.729869+00:00,hu,hvg.hu,hvg.hu,2024-11-05,"A közpénzt már sajnálják rá, magántőkéből remélik megóvni a Föld természetes élőhelyeit",https://hvg.hu/gazdasag/20241105_cop16-fajkihalas-megakadalyozasa-biodiverzitas-bioszfera-termeszetes-elohelyek-vedelme-ensz#rss
cad41b3c005b8ff82abaeed0a0a85a7ef14c0fe76b002e023f29c2b54358ba5e,2024-10-23 11:33:48.500259+00:00,hu,veol.hu,veol.hu,2024-10-23,"Balaton száz év múlva: ökoturizmus, fehér homokos part (képgaléria",https://www.veol.hu/helyi-eletstilus/2024/10/balaton-szaz-ev-mulva?utm_source=hirstart&utm_medium=referral&utm_campaign=hiraggregator
8a93a97c2a2d2022e3e737dcdd31a5c5255520618824d33a35d0e59f397e362d,2024-09-09 19:07:53.390809+00:00,hu,szeretlekmagyarorszag.hu,szeretlekmagyarorszag.hu,2021-10-21,Rengeteg krónikus vesebeteg lehet a jövőben a globális felmelegedés miatt,https://www.szeretlekmagyarorszag.hu/jovo/rengeteg-kronikus-vesebeteg-lehet-a-jovoben-a-globalis-felmelegedes-miatt/
af5d8a53f590e4d0c74038b1ffed1e4554286daf84bfdfe09c3dbbde3aec13f0,2024-09-09 19:03:29.403882+00:00,hu,szeretlekmagyarorszag.hu,szeretlekmagyarorszag.hu,2021-10-21,Először szállított drón donorszervet beültetésre,https://www.szeretlekmagyarorszag.hu/jovo/dron-szallitott-tudot-beultetesre/
26e3a4b2d1e7616b02226847f78f57f08ebfe4c27d8d4bae7c29fb4fbe25d845,2024-09-07 22:49:36.651546+00:00,hu,444.hu,444.hu,2021-09-22,"Indul a globális csúcstalálkozó, ahol teljesen átalakítanák a világ élelmiszer-rendszerét",https://444.hu/2021/09/22/indul-a-globalis-csucstalalkozo-ahol-teljesen-atalakitanak-a-vilag-elelmiszer-rendszeret?utm_source=rss_feed&utm_medium=rss&utm_campaign=rss_syndication
37c2f0fabaaaa8e97ff30cf20a50d5f8a47519d55543f88296311cd8964ba062,2024-09-03 08:19:30.858662+00:00,hu,duol.hu,duol.hu,2021-04-22,Helyettes államtitkár: az Agrárminisztérium kiemelt feladata a környezeti nevelés,https://www.duol.hu/gazdasag/hazai-gazdasag/helyettes-allamtitkar-az-agrarminiszterium-kiemelt-feladata-a-kornyezeti-neveles-4297345/?utm_source=rss&utm_medium=referral&utm_campaign=hiraggregator
094285bf7d762774cdf642bb523d0e8f2684af5bae7811b8c871bac9a7dfc7f9,2024-09-03 08:18:37.196554+00:00,hu,bama.hu,bama.hu,2021-04-22,Helyettes államtitkár: az Agrárminisztérium kiemelt feladata a környezeti nevelés,https://www.bama.hu/gazdasag/hazai-gazdasag/helyettes-allamtitkar-az-agrarminiszterium-kiemelt-feladata-a-kornyezeti-neveles-3731707/?utm_source=rss&utm_medium=referral&utm_campaign=hiraggregator
bcff018698a232c9c6e31f9469d57556cd1079e3bbc5497728297a943cca18c8,2024-09-03 08:17:44.965359+00:00,hu,szon.hu,szon.hu,2021-04-22,Helyettes államtitkár: az Agrárminisztérium kiemelt feladata a környezeti nevelés,https://szon.hu/gazdasag/hazai-gazdasag/helyettes-allamtitkar-az-agrarminiszterium-kiemelt-feladata-a-kornyezeti-neveles-5004181/?utm_source=rss&utm_medium=referral&utm_campaign=hiraggregator
c7c074e6999ace340d4cdb7ceba76c409b884099cfafcbbd2416d6c251e7fc02,2024-09-03 08:12:04.598534+00:00,hu,delmagyar.hu,delmagyar.hu,2021-04-22,Helyettes államtitkár: az Agrárminisztérium kiemelt feladata a környezeti nevelés,https://www.delmagyar.hu/gazdasag/hazai-gazdasag/helyettes-allamtitkar-az-agrarminiszterium-kiemelt-feladata-a-kornyezeti-neveles-7455142/?utm_source=rss&utm_medium=referral&utm_campaign=hiraggregator
fd070d78fff4fd94122abfe25d856c5e1c17c4a9d3f0fa2fff09930e0b30891d,2024-08-31 11:30:57.578356+00:00,hu,beol.hu,beol.hu,2021-06-05,Új megállapodást kell kötnünk az élővilággal,https://www.beol.hu/kozelet/helyi-kozelet/uj-megallapodast-kell-kotnunk-az-elovilaggal-4010176/?utm_source=rss&utm_medium=referral&utm_campaign=hiraggregator
fbe92839cf38b449ea5b9f53a3a598150bb73dfaa0e3d66b0a410a8c98605c6e,2024-08-28 18:04:34.234369+00:00,hu,kisalfold.hu,kisalfold.hu,2021-07-19,Az Audi Hungariánál központi téma a fenntarthatóság,https://www.kisalfold.hu/gazdasag/helyi-gazdasag/az-audi-hungarianal-kozponti-tema-a-fenntarthatosag-11182601/?utm_source=rss&utm_medium=referral&utm_campaign=hiraggregator
b76b09190cafc6ff53dac82ceba7d120006c3b3ac9c8e284b5fe45898c090c76,2024-08-19 23:17:58.191748+00:00,hu,infostart.hu,infostart.hu,2021-02-18,Áder János: alapvetően kell újragondolni a gazdasági működést,https://infostart.hu/gazdasag/2021/02/18/ader-janos-alapvetoen-kell-ujragondolni-a-gazdasagi-mukodest
2d217c95f7b2ddeca5859b90168f276dc70fb76696534f00ebe525e9630d2199,2024-08-08 12:30:04.546288+00:00,hu,szon.hu,szon.hu,2024-08-08,Vegán étel a PanyolaFeszten,https://www.szon.hu/helyi-kozelet/2024/08/vegan-etel-a-panyolafeszten?utm_source=hirstart&utm_medium=referral&utm_campaign=hiraggregator
90437bef350aefc46c29cf14c803f53a1307ba68fc10d58cdb742b7d2d072bcd,2024-08-01 00:49:00.222967+00:00,hu,origo.hu,origo.hu,2022-01-24,Az erdőtől a vevőig csökkenthető a bútoripar ökológiai lábnyoma,https://www.origo.hu/gazdasag/20220124-a-butoripar-okologiai-labnyoma-erdotol-a-vevoig-csokkentheto.html
488569ea1405246fba34b5266c743585d4d89fed9f8b2be0159c33d542559b67,2024-07-25 23:24:48.062339+00:00,hu,merce.hu,merce.hu,2024-07-25,"Csak láncainkat veszíthetjük, avagy lesz-e magyar baloldal? « Mérce",https://merce.hu/2024/07/25/csak-lancainkat-veszithetjuk-avagy-lesz-e-magyar-baloldal/
f0ffe0a7f3116a5ffcd447b501d7fdaf67978deacd609caa23bb2abb7483f51b,2024-05-24 05:25:35.545605+00:00,hu,magyarnemzet.hu,magyarnemzet.hu,2024-05-24,Ádáz küzdelem folyik a környezetvédők és az aktív kertművelők között,https://magyarnemzet.hu/lugas-rovat/2024/05/adaz-kuzdelem-folyik-a-kornyezetvedok-es-az-aktiv-kertmuvelok-kozott?utm_source=hirstart&utm_medium=referral&utm_campaign=hiraggregator
0acdd45a62492bf6d52d3a1b7752bd53a691d8a02e70dff1b9751b59f05f2579,2024-05-10 06:17:35.058399+00:00,hu,demokrata.hu,demokrata.hu,2022-05-17,Több mint száz pályamű érkezett a Planet Z fenntarthatósági pályázatra,https://demokrata.hu/magyarorszag/tobb-mint-szaz-palyamu-erkezett-a-planet-z-fenntarthatosagi-palyazatra-533267/
a94bfdc86cce938d2512b31cfcc4145b3633156fbb1464b4178f6494bcae63a5,2024-05-09 19:45:58.441861+00:00,hu,portfolio.hu,portfolio.hu,2022-05-23,Van még idő visszafordítani a klímaváltozás negatív hatásait?,https://www.portfolio.hu/uzlet/20220523/van-meg-ido-visszaforditani-a-klimavaltozas-negativ-hatasait-546481
951414fbf3412b40425cba5d18a1509a4a5e8e58155a2b1d5747c831aa356dfe,2024-05-06 10:14:59.209471+00:00,hu,hvg.hu,hvg.hu,2022-07-12,Hollik István szerint a háborús helyzet miatt kellett gyorsan elfogadni az új katatörvényt,http://hvg.hu/gazdasag/20220712_hollik_istvan_katatorveny_katasok_kata#rss
ad0ae26870732bf438c0a6d09c68a9ec8c0d001101cde1b7dacc37f11b3d357d,2024-05-04 01:49:53.214773+00:00,hu,teol.hu,teol.hu,2022-08-10,Fókuszban a fenntarthatóság és az újrahasznosítás,https://www.teol.hu/helyi-kozelet/2022/08/a-fenntarthatosag-es-az-ujrahasznositas-kerult-fokuszba-izmenyben?utm_source=hirstart&utm_medium=referral&utm_campaign=hiraggregator
620ced9ecda731d7e1338550e25c6e823cce7bc6869c9effaba7196f4d945cc5,2024-05-01 15:00:19.962528+00:00,hu,portfolio.hu,portfolio.hu,2022-09-19,Idén is karbonsemlegesek a Portfolio konferenciái,https://www.portfolio.hu/uzlet/20220919/iden-is-karbonsemlegesek-a-portfolio-konferenciai-567379
f83e83488501bad6038b30a82acccdef78b96b9cb01df712bd9fdcceabecc677,2024-04-29 03:13:15.185512+00:00,hu,demokrata.hu,demokrata.hu,2022-10-28,Karbonsemlegesség Hűségerdővel,https://demokrata.hu/zold-jovo/karbonsemlegesseg-husegerdovel-595186/
bd94703e3d4c50361ee8ace7b518a2e878c8dc1c0b8aa768bb94b633110ebd17,2024-04-29 03:01:21.969008+00:00,hu,hvg.hu,hvg.hu,2022-10-28,December közepén nyílhat meg újra a Lánchíd – de nem az autósoknak,http://hvg.hu/cegauto/20221028_lanchid_felujitas_megnyitas_tomegkozlekedes_autos_forgalom#rss
8250d5f2f256d79dc3e8e480e40f44ecd57515f06a135492f5ab7b1a1a716621,2024-04-29 02:06:22.350041+00:00,hu,hvg.hu,hvg.hu,2022-10-29,"Különleges mód jött a Samsung telefonokra, mutatjuk, hogyan kapcsolhatja be",http://hvg.hu/tudomany/20221029_karbantartasi_mod_samsung_galaxy_telefonok_szerviz#rss
29d14410e118dcf726b2831aa5d1599d26a782c551b92de9c7505955a4901eba,2024-04-29 01:59:33.836656+00:00,hu,hvg.hu,hvg.hu,2022-10-29,"Átmenetileg bezáratott egy reggelizőt a NAV, mert 88 forinttal megkárosították a költségvetést",http://hvg.hu/kkv/20221029_koltsegvetes_nav_franko_tejbar#rss
545d0fddd9c8c4d8637722d0c914d03968f83775894a506f56df9e1e452e61b6,2024-04-29 01:51:37.306839+00:00,hu,hvg.hu,hvg.hu,2022-10-29,"Úgy megy az 5 százalékos lakásáfa, hogy mégis marad további 6 évig",http://hvg.hu/gazdasag.ingatlan/20221029_5_szazalekos_lakasafa_torvenymodositas#rss
206ad1e59183f4544388e00fe64a01f083ed2896f4f72ef3637e2946c9c89d69,2024-04-29 00:53:58.927340+00:00,hu,hvg.hu,hvg.hu,2022-10-30,"Vissza a jövőbe: körbefotóztuk az eredeti, a filmes, a 24 karátos, a Lego és a jövőbeli DMC DeLoreant",http://hvg.hu/cegauto/20221030_vissza_a_jovobe_korbefotoztuk_az_eredeti_a_filmes_a_24_karatos_a_lego_es_a_jovobeli_dmc_deloreant_back_to_the_future#rss
251ff78eb5f83047f682cdafd9708c9d44c5a984893506ddbce39e8978c35c39,2024-04-29 00:48:01.026954+00:00,hu,hvg.hu,hvg.hu,2022-10-30,"Veszélybe kerülhet a globális élelmiszerellátás az EU szerint, ha Oroszország nem lép vissza",http://hvg.hu/gazdasag/20221030_Veszelybe_kerulhet_a_globalis_elelmiszerellatas_az_EU_szerint_ha_Oroszorszag_nem_lep_vissza#rss
9df24382a62cc5109a5788df2621415a1a11547423b3b1c0ee6950eec5338db9,2024-04-29 00:48:00.401717+00:00,hu,hvg.hu,hvg.hu,2022-10-30,Fél mázsa droggal kibélelt autót fogtak Röszkén,http://hvg.hu/itthon/20221030_kabitoszer_kannabisz_auto_roszke#rss
a512d06d4221b094730764131c3b8531bd48ad57f9bb06c799ff73b632e6c26a,2024-04-27 16:44:31.939467+00:00,hu,portfolio.hu,portfolio.hu,2022-11-24,"Katasztrófa felé sodródunk: a gazdasági működés 50%-a ezen múlik, mégis sokan legyintenek rá",https://www.portfolio.hu/uzlet/20221124/katasztrofa-fele-sodrodunk-a-gazdasagi-mukodes-50-a-ezen-mulik-megis-sokan-legyintenek-ra-581010
7a6b10727d3c5ed888f042bb5ab70ba3a0b50582206a9f15404ead250de066bc,2024-03-10 01:17:53.566900+00:00,hu,blikk.hu,blikk.hu,2024-02-29,"Nem is tehetünk annál többet a gyerekek fejlődéséért, mint a korai környezettudatosságra nevelés – mutatjuk, miért",https://www.blikk.hu/extra-ajanlo/fold-bajnokai-palyazat-kornyezettudatossag/cfc8fs4
cc9825a8e888ff605ab179ada6037396a560d4c2c991607ee0874721809f8acb,2024-03-07 01:58:10.457903+00:00,hu,index.hu,index.hu,2024-03-05,"Nyerjen gyerekeinek, gyerekeivel!",https://index.hu/bcs/2024/03/05/eon-fold-bajnokai--palyazat-ovodak-iskolak-25-millio-forint/
f46f71893ac2ff34b373e0fb0657fb793258f602827d7c723c684bf1c935a20e,2024-03-06 23:57:25.979372+00:00,hu,hvg.hu,hvg.hu,2023-03-10,"Egy új kutatás szerint kihalás fenyegeti a szigeteken élő emlősöket, de más érdekességek is kiderültek",http://hvg.hu/tudomany/20230310_uj_kutatas_kihalas_veszelye_szigetek_biodiverzitasa_emlosok_allatok_kockazat_kistestu_nagytestu_fajok#rss
ff4d5dab5d6f38f11aef2ce56d800d901ee67ac8905d7fb4136141dd281fb7b2,2024-03-02 01:45:47.716962+00:00,hu,24.hu,24.hu,2023-03-25,Mi magunk tettük élhetetlenné a városokat,https://24.hu/tudomany/2023/03/25/fenntarthatosag-varosok-jovo-lorincz-katalin-pannon-egyetem/
2888c1959b19f05c71c964bf11992a72784e778c94efb94ec4a5cf8d7b58dc47,2024-03-01 21:56:23.136230+00:00,hu,origo.hu,origo.hu,2023-03-28,A tavasz érkezésének ünnepe  Tulipánszüret a Kincsek Völgyében a Balaton mellett,https://www.origo.hu/itthon/20230328-atavasz-erkezesenek-unnepe-tulipanszuret-a-kincsek-volgyeben-a-balaton-mellett.html
7a50495818a5954ab7abb2cda100dc01384fbe5753010ad10a3de845033c2cf8,2024-02-29 15:37:39.217851+00:00,hu,hirtv.hu,hirtv.hu,2023-04-19,Keresik a Föld bajnokait,http://hirtv.hu/radar/radar-keresik-a-fold-bajnokait-2566557?utm_source=feed&utm_medium=rss
315e9d405faa4f5c2e0ff33464966afe9962b7d2155abc680dc1a3aab412a03a,2024-02-29 11:31:18.819473+00:00,hu,szeretlekmagyarorszag.hu,szeretlekmagyarorszag.hu,2023-04-22,"Eltört a szegycsontja, mégis visszament az M1-esen történt tömegbaleset színhelyére menteni a sérülteket a hős tűzoltó",https://www.szeretlekmagyarorszag.hu/kozosseg/eltort-a-szegycsontja-megis-visszament-az-m1-esen-tortent-tomegbaleset-szinhelyere-menteni-a-serulteket-a-hos-tuzolto/
89772834eb4b8c24fc9a5eb3f027491ebd3bf24d05eb84eab53a16db52049da9,2024-02-29 11:31:18.750456+00:00,hu,szeretlekmagyarorszag.hu,szeretlekmagyarorszag.hu,2023-04-22,Először rendeztek síró baba szumóversenyt a koronavírus-járvány után Japánban,https://www.szeretlekmagyarorszag.hu/kozosseg/eloszor-rendeztek-siro-baba-szumoversenyt-a-koronavirus-jarvany-utan-japanban/
551a988328a91a639dfabbbe9569ad2f26e1452d55406994410faa86820daf4e,2024-02-29 11:29:48.184561+00:00,hu,szeretlekmagyarorszag.hu,szeretlekmagyarorszag.hu,2023-04-22,"„Szíven szúrtak egy rendőrt, eszméletlen!” – négy mentődolgozó kapott elismerést a Baumann Péter életéért folytatott heroikus harcukért",https://www.szeretlekmagyarorszag.hu/kozosseg/sziven-szurtak-egy-rendort-eszmeletlen-negy-mentodolgozo-kapott-elismerest-a-baumann-peter-eleteert-folytatott-heroikus-harcukert/
e851a19bd3a3ee40b6f8b9b48c710d8d4054355fb25a654f4ac8940554773d6b,2024-02-29 11:18:24.960080+00:00,hu,szeretlekmagyarorszag.hu,szeretlekmagyarorszag.hu,2023-04-22,"Egyetlen utcából áll egy lengyelországi falu, ahol hatezren élnek",https://www.szeretlekmagyarorszag.hu/kozosseg/egyetlen-utcabol-all-egy-lengyelorszagi-falu-ahol-hatezren-elnek/
0cdec053a30427b4710e9c51fc6f415688351e03be22c93d6de8fd922ee0ed65,2024-02-29 10:36:00.695037+00:00,hu,szeretlekmagyarorszag.hu,szeretlekmagyarorszag.hu,2023-04-23,Nagyon komoly pénzt ajánlott Marics Petiék koncertjéért egy rajongó,https://www.szeretlekmagyarorszag.hu/kozosseg/nagyon-komoly-penzt-ajanlott-marics-petiek-koncertjeert-egy-rajongo/
289c35b35133544cf4ed8c2a7bd14cb23daaa3d89d0286f5c2b3db7b66eb4094,2024-02-29 08:58:32.103431+00:00,hu,origo.hu,origo.hu,2023-04-24,Idén is különleges klímatanórát tart Áder János a Fenntarthatósági Témahéten,https://www.origo.hu/gazdasag/20230424-fenntarthatosagi-temahet-tanora.html
bb623321570beb363bf7c367c2d0095adbeceb96f362afd4066f59dc8fd9ee45,2024-02-29 02:49:36.391518+00:00,hu,feol.hu,feol.hu,2024-02-27,Ismét lehet jelentkezni az E.ON pályázatára,https://www.feol.hu/helyi-kozelet/2024/02/ismet-lehet-jelentkezni-az-eon-palyazatara?utm_source=hirstart&utm_medium=referral&utm_campaign=hiraggregator
9272119b23f4699d0840a572f27ee355baa3799194bf09a072dac4d16be31c6a,2024-02-28 02:18:13.322101+00:00,hu,magyarnemzet.hu,magyarnemzet.hu,2023-05-16,"Bozsits Józseffel, a Szaporcai Cifraház gazdájával közösségről, kultúráról, hagyományról beszélgettünk",https://magyarnemzet.hu/kultura/2023/05/bozsits-jozseffel-a-szaporcai-cifrahaz-gazdajaval-kozossegrol-kulturarol-hagyomanyrol-beszelgetttunk
b12fcb76679bbf251f842199e4deb034e27e2b1e0403259d30a0e6b7a3f26684,2024-02-24 08:06:13.933154+00:00,hu,napi.hu,napi.hu,2023-07-21,Hol tart a nagy láncok biológiailag lebontható zacskóinak tesztje?,https://www.napi.hu/gazdasag/biologiailag-lebonthato-zacskok-teszt-muanyag-fenntarthatosag.774457.html
1abdc324590c3491f899ebc2f5784f2fe9a28f61bde6be8524165ce6a9860fc7,2024-02-20 03:04:32.843318+00:00,hu,hvg.hu,hvg.hu,2024-02-18,"„Jobban kellene figyelni a vízvisszatartásra, de még inkább az akkugyárakra”",https://hvg.hu/gazdasag/20240218_Virginijus_Sinkevicius_interju_europai_bizottsag_kornyezetvedelmi_biztos_kornyezetvedelem_akkugyarak_energiaszegenyseg_vizvalsag
0358deebe7ed2e836012d72469c5df8348003d64216fcf78acbad7d06e752246,2024-02-19 13:13:57.321965+00:00,hu,index.hu,index.hu,2023-10-10,"Összegyűltek a Föld bajnokai, okosan is lehet pazarolni",https://index.hu/tudomany/2023/10/10/eon-zold-palyazat-dij-atado-fenntarthatosag-energia/
d92d378fb3eb6a0f0b48452fa17169eafe2474264269144b6d66520af70b97e6,2023-12-11 01:57:52+00:00,hu,kisalfold.hu,kisalfold.hu,2023-12-09,"Mutatjuk, miben világelső a Soproni Egyetem",https://www.kisalfold.hu/helyi-kozelet/2023/12/mutatjuk-miben-vilagelso-a-soproni-egyetem?utm_source=hirstart&utm_medium=referral&utm_campaign=hiraggregator
1cabd22c4349b655c817558010e14c8f1dcbbc53d3bed0b60c12b355f246999f,2023-12-09 05:56:22+00:00,hu,kisalfold.hu,kisalfold.hu,2023-12-07,Világszinten elismert e-gyakorlat,https://www.kisalfold.hu/helyi-kozelet/2023/12/vilagszinten-elismert-e-gyakorlat?utm_source=hirstart&utm_medium=referral&utm_campaign=hiraggregator
c4cfdc84a5c1aa9e56c2d2a220944cbaf2c237626b63ffbe993668a436172599,2023-12-07 01:26:09+00:00,hu,origo.hu,origo.hu,2023-12-05,Világelső a Soproni Egyetem az e-hulladék kezeléssel kapcsolatos módszertani kampányával,https://www.origo.hu/tudomany/20231205-soproni-egyetem.html
5ae42a4cc6a73eb1266f3e19b0db4b9d14eaf0218570d6dd497bb9e52a64392b,2023-12-04 07:00:18+00:00,hu,kisalfold.hu,kisalfold.hu,2023-12-02,Világelső az e-hulladék kezelésben a Soproni Egyetem pályázata,https://www.kisalfold.hu/helyi-gazdasag/2023/12/vilagelso-az-e-hulladek-kezelesben-a-soproni-egyetem-palyazata?utm_source=hirstart&utm_medium=referral&utm_campaign=hiraggregator
06190a7e72346fd718f3a9039ddf972944a537eabdedba9aa3a8817ae504f4cd,2023-12-04 02:24:30+00:00,hu,infostart.hu,infostart.hu,2023-12-02,Ezért a világ harmadik legzöldebb egyetem a soproni,https://infostart.hu/tudomany/2023/12/02/ezert-a-vilag-harmadik-legzoldebb-egyetem-a-soproni
