"Biodiversity discourse-triggering events, 2016-2026 - DRAGONS WP1 / T1.1(A)",,,,,,,,,,,,,,,,,,,
ID,Country,Year,Period,Spatial level,Valence,Event (EN),Event (ES),Event (HU),Event type,What happened (plain language),Why it could enter public discourse,Dominant framing / narrative,Sector linkage,Climate-biodiversity link,Keyword hooks (EN),Keyword hooks (ES),Keyword hooks (HU),Source / starting point,Origin
UK-01,United Kingdom,2016,2016 (Jun),National,Mixed,Brexit referendum and the future of EU nature law,,,Political / legal,"The vote to leave the EU put the Birds and Habitats Directives, EU environmental enforcement and Common Agricultural Policy farm payments up for renegotiation.","Brexit dominated national news for years; farming subsidies, fishing quotas and 'EU red tape' on nature became everyday political arguments.",Sovereignty vs environmental standards; 'taking back control' of land and sea,Agriculture; fisheries; governance,Indirect,Brexit environment; Habitats Directive; CAP subsidies; environmental non-regression,Brexit medio ambiente; Directiva Hábitats; subsidios agrícolas PAC,Brexit környezetvédelem; él?helyvédelmi irányelv; KAP támogatások,https://commonslibrary.parliament.uk/research-briefings/cbp-10519/,New
UK-02,United Kingdom,2017,2017,National / International,Positive,Blue Planet II and the 'Attenborough effect' on ocean plastics,,,Media / cultural,"A BBC natural-history series watched by around 14 million people ended with a sequence on plastic pollution, triggering a wave of consumer, corporate and government responses.","Reached a very broad, non-specialist audience and put marine ecosystems and plastics into everyday conversation and shopping habits.",Wonder and loss; individual consumer responsibility for the ocean,Waste; retail; marine / fisheries,Indirect,Blue Planet II; Attenborough effect; ocean plastic; single-use plastics,Blue Planet II; efecto Attenborough; plástico en el océano,Kék bolygó II; Attenborough-hatás; óceáni m?anyagszennyezés,https://www.sciencefocus.com/nature/has-blue-planet-ii-had-an-impact-on-plastic-pollution,Pabla's matrix
UK-03,United Kingdom,2018,2018 (Jan),National,Positive,"25 Year Environment Plan, 'A Green Future'",,,Policy launch,The first cross-government plan promising to leave the environment in a better state for the next generation; it became the basis for later legally binding targets.,"Launched with a prime-ministerial speech built around plastics, an issue the public already cared about after Blue Planet II.",Generational stewardship; 'leave it better than we found it',Agriculture; planning; waste,Indirect,25 Year Environment Plan; A Green Future; Defra environment plan,Plan Ambiental 25 Años Reino Unido,brit 25 éves környezetvédelmi terv,https://www.gov.uk/government/publications/25-year-environment-plan,New
UK-04,United Kingdom,2018,2018 (Oct–Dec),National / International,Positive,Ivory Act 2018 and the London Illegal Wildlife Trade Conference,,,Policy / legal (wildlife trade),The UK passed one of the world's strictest bans on ivory dealing and hosted a major international conference on the illegal wildlife trade.,"Elephants and trafficking are highly recognisable to non-specialists; the story combined celebrity campaigning, crime and heritage antiques.",Britain as a global leader against wildlife crime,Trade; culture / antiques; international cooperation,No,Ivory Act; illegal wildlife trade conference London; ivory ban UK,Ley del Marfil Reino Unido; tráfico ilegal de especies,elefántcsont-törvény; illegális vadkereskedelem London,https://www.legislation.gov.uk/ukpga/2018/30/contents,New
UK-05,United Kingdom,2019,2019 (Apr–May),International / National,Negative diagnosis + positive response,IPBES 'one million species' assessment and Parliament's environment and climate emergency declaration,,,Science / political,The IPBES global assessment warned that a million species face extinction; weeks of Extinction Rebellion protest in London preceded the UK Parliament becoming the first to declare an environment and climate emergency.,"The 'one million species' figure travelled far beyond science media, and the protests made biodiversity loss visible on the streets of central London.",Emergency and extinction; youth and civil disobedience,Cross-sectoral; transport; energy,Yes,IPBES global assessment; one million species; climate emergency declaration; Extinction Rebellion,IPBES un millón de especies; emergencia climática; Extinction Rebellion,IPBES egymillió faj; klímavészhelyzet; Extinction Rebellion,https://www.ipbes.net/global-assessment,New
UK-06,United Kingdom,2019,2019 (Oct),National,Negative,State of Nature 2019 report: populations of important wildlife plummet,,,Scientific report / media,"A partnership of more than 70 conservation organisations reported steep declines in UK wildlife since 1970, giving the country a recognised biodiversity baseline.","Produces a single, quotable national headline figure that newspapers and broadcasters repeat, and that politicians are asked about.",National decline and shame; 'one of the most nature-depleted countries',Agriculture; land use,Yes,State of Nature 2019; UK wildlife decline; nature-depleted country,State of Nature 2019; declive de la naturaleza Reino Unido,State of Nature 2019 jelentés; brit vadvilág hanyatlása,https://www.theguardian.com/environment/2019/oct/03/populations-of-uks-most-important-wildlife-have-plummeted-since-1970,Pabla's matrix
UK-07,United Kingdom,2020,2020 (Sep),International,Positive,Leaders' Pledge for Nature and the UK's 30x30 commitment,,,Diplomacy / policy commitment,"The UK signed the Leaders' Pledge for Nature at the UN and committed to protect 30% of its land and sea by 2030, positioning itself ahead of the Kunming-Montreal negotiations.","A simple, memorable number ('30 by 30') that campaigners and journalists could use to hold the government to account year after year.",Global leadership; a measurable target,Land use; marine; planning,Yes,Leaders Pledge for Nature; 30x30 UK; 30by30 England,Compromiso de Líderes por la Naturaleza; meta 30x30,Vezet?i ígéret a természetért; 30x30 cél,https://www.gov.uk/government/news/government-accelerates-drive-to-protect-30-of-englands-land-for-nature-by-2030,New
UK-08,United Kingdom,2021,2021 (Feb),National / International,Positive,Dasgupta Review on the Economics of Biodiversity,,,Science / economics,A review commissioned by HM Treasury argued that economies are embedded in nature and that standard economic measures systematically ignore natural capital.,A finance ministry publishing a report on nature was itself the story; it gave business and economics desks a vocabulary for biodiversity.,Nature as an asset; the economics of extinction,Finance; economy; accounting,Yes,Dasgupta Review; economics of biodiversity; natural capital,Informe Dasgupta; economía de la biodiversidad; capital natural,Dasgupta-jelentés; biodiverzitás közgazdaságtana; természeti t?ke,https://www.gov.uk/government/publications/final-report-the-economics-of-biodiversity-the-dasgupta-review,New
UK-09,United Kingdom,2021,2021 (Nov),National / International,Positive,Environment Act 2021 and COP26 in Glasgow,,,Policy / legal + international summit,"The Environment Act created legally binding targets (including species abundance), the Office for Environmental Protection and mandatory biodiversity net gain; days later Glasgow hosted COP26, with a dedicated nature and land-use day.",COP26 put environmental governance on every front page for a fortnight and made the climate-nature connection explicit for a general audience.,Post-Brexit environmental governance; climate and nature as one agenda,Planning; forestry; agriculture; energy,Yes,Environment Act 2021; Office for Environmental Protection; COP26 Glasgow; Glasgow Leaders Declaration on Forests,Ley de Medio Ambiente 2021; COP26 Glasgow; Declaración de Glasgow sobre bosques,2021-es környezetvédelmi törvény; COP26 Glasgow; glasgow-i erd?nyilatkozat,https://www.legislation.gov.uk/ukpga/2021/30,New
UK-10,United Kingdom,2021,2021–2026,National / Local,Negative,Sewage in rivers and seas: the water pollution scandal,,,Pollution / governance failure,"Record numbers of untreated sewage discharges by privatised water companies, tracked by citizen scientists and wild swimmers, with record spill figures for 2024 and Thames Water pushed to the brink.","One of the very few environmental issues that consistently tops UK opinion polls; it touches health, bathing, house prices and privatisation, not only wildlife.",Corporate greed and regulatory failure; 'our rivers are dying',Water utilities; health; tourism; agriculture (nutrients),Indirect,sewage spills; storm overflows; Thames Water; chalk streams; river pollution,vertidos de aguas residuales Reino Unido; contaminación de ríos,szennyvízkibocsátás Nagy-Britannia; folyószennyezés,https://hansard.parliament.uk/Commons/2024-10-08/debates/81A0D4FB-13D8-4CBF-B00E-3EEAE820F4C6/ChalkStreamsSewageDischarge,New
UK-11,United Kingdom,2022,2022 (Sep–Oct),National,Negative,"The 'attack on nature': mini-budget, investment zones and the Retained EU Law Bill",,,Policy rollback / deregulation,"Proposals to relax environmental rules in new investment zones and to sunset thousands of EU-derived environmental laws by the end of 2023 prompted an unprecedented joint campaign by the RSPB, National Trust and Wildlife Trusts.",Membership charities with millions of supporters went openly political; the slogan 'attack on nature' entered mainstream headlines during a political crisis.,Growth versus nature; deregulation as threat; charities as opposition,Planning; housing; agriculture; finance,Indirect,attack on nature; Retained EU Law Bill; investment zones; RSPB campaign,ataque a la naturaleza Reino Unido; desregulación ambiental,támadás a természet ellen; brit környezetvédelmi dereguláció,https://www.rspb.org.uk/whats-happening/news/attack-on-nature-the-story-so-far,New
UK-12,United Kingdom,2021,2021–2023 (peak 2022),National / Local,Negative,Avian influenza and mass mortality of wild birds,,,Disease / species crisis,"The worst avian influenza outbreak on record killed tens of thousands of seabirds at colonies such as Bass Rock and the Farne Islands, and forced housing orders for poultry.",Images of dead gannets and closed nature reserves were highly visible; the poultry link connected it to food prices and free-range eggs.,Wildlife crisis with a farming and food-security edge,Poultry / agriculture; tourism; public health,Indirect,avian influenza seabirds; bird flu UK; gannets Bass Rock; Farne Islands,gripe aviar aves marinas Reino Unido,madárinfluenza tengeri madarak Nagy-Britannia,https://www.bbc.com/news/science-environment-63097119,Pabla's matrix
UK-13,United Kingdom,2023,2023 (Mar),National,Positive / Mixed,"Wild Isles and the row over its sixth, 'too controversial' episode",,,Media / cultural,"David Attenborough's series on British wildlife was accompanied by a reported dispute over a final episode on nature loss, produced with the RSPB and WWF and released online.","The controversy itself became a news story about who is allowed to talk about UK nature loss, doubling the audience for the message.",Culture war over nature; 'don't mention the farming',Agriculture; media; land management,Indirect,Wild Isles; Attenborough sixth episode; Saving Our Wild Isles,Wild Isles Attenborough; episodio censurado naturaleza,Wild Isles sorozat; Attenborough hatodik epizód,https://deframedia.blog.gov.uk/2023/03/13/coverage-following-wild-isles-documentary,New
UK-14,United Kingdom,2023,"2023 (Sep), trial 2025",Local -> National,Negative,Felling of the Sycamore Gap tree and the 2025 trial,,,Cultural / symbolic,A single iconic tree beside Hadrian's Wall was cut down overnight; two men were convicted in May 2025 and sentenced to more than four years each in July 2025.,An exceptionally strong emotional reaction from people with no interest in conservation; it made the value of a single tree a national conversation and ran for two years through the courts.,"Grief, vandalism and heritage; nature as national identity",Heritage; tourism; justice,No,Sycamore Gap; Hadrian's Wall tree; tree felling trial,árbol Sycamore Gap; tala del árbol Muro de Adriano,Sycamore Gap fa; Hadrianus-fal fakivágás,https://www.cnn.com/2025/07/15/uk/sycamore-gap-sentenced-four-years-prison-intl,New
UK-15,United Kingdom,2023,2023 (Sep),National,Negative,State of Nature 2023 report,,,Scientific report / media,The most comprehensive assessment yet found one in six UK species at risk of extinction and continued declines in abundance and distribution.,"A recognised reference point that anchors public and political debate, repeated across broadcast and print media on publication day.",Measured national decline; evidence for policy failure,Agriculture; land use; marine,Yes,State of Nature 2023; one in six species at risk; UK biodiversity decline,State of Nature 2023; una de cada seis especies en riesgo,State of Nature 2023; hatból egy faj veszélyeztetett,https://naturalengland.blog.gov.uk/2023/09/29/state-of-nature/,Pabla's matrix
UK-16,United Kingdom,2023,2023 (Aug–Sep),National,Negative / Mixed,Nutrient neutrality: the attempt to scrap water pollution rules for housebuilding,,,Policy / planning conflict,The government tried to remove nutrient-neutrality requirements protecting rivers and Habitats sites from new housing; the change was defeated in the House of Lords.,"Framed as houses versus newts and rivers, it linked the housing crisis directly to habitat protection in mainstream political coverage.",Homes versus habitats; 'nature is blocking development',Housing; construction; water; agriculture,No,nutrient neutrality; Levelling Up Bill nature; housing river pollution,neutralidad de nutrientes Reino Unido; vivienda y contaminación de ríos,tápanyag-semlegesség; lakásépítés és folyószennyezés,https://commonslibrary.parliament.uk/research-briefings/cbp-10519/,New
UK-17,United Kingdom,2024,2024 (Feb),National,Positive,Biodiversity Net Gain becomes mandatory in England,,,Policy / planning instrument,"Most new developments in England must now deliver a measurable 10% improvement in biodiversity, on site or through off-site units, secured for 30 years.","Reached beyond conservation into the property, planning and farming press, and created a visible market in 'biodiversity units'.",Development that pays for nature; nature as a tradable unit,Construction; planning; land markets; agriculture,No,Biodiversity Net Gain; BNG mandatory; biodiversity units England,Ganancia Neta de Biodiversidad Inglaterra; compensación de biodiversidad,biodiverzitás nettó nyereség Anglia; biodiverzitási egységek,https://www.gov.uk/guidance/understanding-biodiversity-net-gain,New
UK-18,United Kingdom,2019,2019–2025,Local / National,Positive / Mixed,Beaver reintroduction and the first licensed wild releases (2025),,,Species reintroduction / land-use conflict,"After enclosed trials and unlicensed releases, England legalised licensed wild beaver releases in 2025, with projects from Devon to west London.","Beavers are charismatic and photogenic and sit at the intersection of rewilding, flood management, farming and 'who decides what belongs here'.",Rewilding and coexistence; farmers versus rewilders; nature-based flood defence,Agriculture; water management; urban planning; tourism,Yes,beaver reintroduction England; wild beaver release licence; rewilding beavers,reintroducción de castores Inglaterra; renaturalización,hód visszatelepítés Anglia; vadonteremtés (rewilding),https://www.bbc.com/news/articles/cn5ggx7xkpyo,Pabla's matrix
UK-19,United Kingdom,2025,2025,National,Negative / Mixed,Planning and Infrastructure Act 2025 and the Nature Restoration Fund row,,,Policy / legal reform,Legislation allowing developers to pay into a Nature Restoration Fund instead of meeting site-level protections was fiercely contested by conservation bodies and amended during passage.,"Ministers publicly blamed bats and newts for blocking growth, which gave the story a memorable, argument-generating hook in mainstream news.",Growth versus nature; 'bats and newts are blocking Britain'; pay-to-destroy,Housing; infrastructure; planning; energy,Indirect,Planning and Infrastructure Act; Nature Restoration Fund; bats and newts; Part 3 nature,Ley de Planificación e Infraestructura Reino Unido; Fondo de Restauración de la Naturaleza,brit tervezési és infrastruktúra-törvény; természet-helyreállítási alap,https://www.rspb.org.uk/whats-happening/news/what-risks-remain-for-nature-from-the-uk-governments-planning-bill,New
UK-20,United Kingdom,2025,2025–2026,National,Positive,Delivering 30by30 on land in England: confirmed criteria,,,Policy implementation,"Government confirmed the criteria for which land counts towards protecting 30% of England for nature by 2030, revealing how little currently qualifies.",Turns an abstract international target into a contested national number that journalists and NGOs can audit and dispute.,Accounting for nature; 'paper parks' versus real protection,Land use; agriculture; protected areas,Yes,30by30 England criteria; protected areas England; paper parks,criterios 30x30 Inglaterra; áreas protegidas,30x30 kritériumok Anglia; védett területek,https://www.businessgreen.com/news/4532675/government-plots-path-protecting-cent-england-nature,New
UK-21,United Kingdom,2026,2026,Local -> National,Neutral / Mixed,The escaped capybara: a viral wildlife story,,,Media / cultural,The escape of a capybara from a wildlife park became a national and international media phenomenon.,"A light, shareable story that carried ideas about animal welfare, non-native species and wildlife management into pop culture and everyday conversation.",Affection and humour; escaped animal as folk hero; non-native species by the back door,Tourism; animal welfare; media,No,escaped capybara; capybara on the run UK,capibara fugado Reino Unido,megszökött vízidisznó Nagy-Britannia,https://www.bbc.com/news/articles/ce8p8pvpp2yo,Pabla's matrix
UK-22,United Kingdom,2023,2023–2026,Local,Positive,Beavers released in west London: urban rewilding and flood management,,,Urban biodiversity / restoration,Beavers were released in Ealing and other London sites as a nature-based approach to slowing water and creating wetland habitat inside a capital city.,Wild animals returning to a major city is an inherently shareable story that reaches urban audiences who never encounter rural conservation debates.,Nature returns to the city; nature-based solutions to flooding,Urban planning; water management; flood risk,Yes,beavers London Ealing; urban rewilding London; beaver flood management,castores en Londres; renaturalización urbana; gestión de inundaciones,hódok Londonban; városi vadonteremtés,https://edition.cnn.com/2026/06/18/climate/beaver-rewilding-ealing-london-flooding,Pabla's matrix
HU-01,Hungary,2017,2017,National,Positive,National Landscape Strategy 2017-2026 adopted,Adopción de la Estrategia Nacional de Paisaje 2017-2026,A Nemzeti Tájstratégia 2017-2026 elfogadása,Policy / strategy,"Hungary adopted a national landscape strategy under the European Landscape Convention, covering landscape character, green infrastructure and the integration of nature into spatial planning.","Low public visibility on its own, but a useful policy anchor for testing whether landscape and biodiversity vocabulary travels from administration into media.",Landscape as heritage and as planning object; technical policy language,Spatial planning; agriculture; forestry; tourism,Indirect,Hungary National Landscape Strategy; European Landscape Convention,Estrategia Nacional de Paisaje Hungría; Convenio Europeo del Paisaje,Nemzeti Tájstratégia; Európai Táj Egyezmény; zöld infrastruktúra,https://2015-2019.kormany.hu/download/f/8f/11000/Hungarian%20National%20Landscape%20Strategy_2017-2026_webre.pdf,New
HU-02,Hungary,2016,2016–2024,National / Local,Positive,Cross-border Great Bustard LIFE conservation programme,Programa LIFE transfronterizo de conservación de la avutarda común,Határon átnyúló túzokvédelmi LIFE program,Species conservation project,"A long-running EU LIFE project with Austria and Slovakia protected the great bustard, one of Europe's heaviest flying birds, on Hungarian grasslands and farmland.",The great bustard is a recognised national symbol; the story is a rare good-news conservation narrative that works in regional and national media.,Conservation success; a national bird saved through farming partnerships,Agriculture; energy (power lines); rural development,No,great bustard LIFE project; Otis tarda Hungary; grassland conservation,avutarda común Hungría; proyecto LIFE,túzokvédelem; túzok LIFE program; gyepgazdálkodás,https://www.tuzok.hu/en/content/great-bustard-life-2016-2023,New
HU-03,Hungary,2019,2019 (May),International,Negative diagnosis,IPBES global assessment and the European biodiversity debate reaching Hungarian media,El informe global del IPBES y la llegada del debate europeo sobre biodiversidad a los medios húngaros,Az IPBES globális jelentése és az európai biodiverzitási vita megjelenése a magyar médiában,Science / media,The IPBES warning that a million species face extinction was widely reported in Hungary alongside the European Parliament elections and a rising climate agenda.,"Gave Hungarian outlets a global, quotable number and a moment when 'biodiverzitás' appeared in general news rather than only nature programmes.",Global extinction crisis; Europe as the arena for action,Cross-sectoral,Yes,IPBES global assessment; one million species,IPBES un millón de especies,IPBES jelentés; egymillió faj kihalása; biodiverzitás csökkenése,https://www.ipbes.net/global-assessment,New
HU-04,Hungary,2019,2019–2024,Local / National,Negative,"The ecological condition of Lake Balaton: algal blooms, water levels and development","El estado ecológico del lago Balatón: floraciones de algas, niveles de agua y desarrollo","A Balaton ökológiai állapota: algásodás, vízszint és beruházások",Ecosystem / tourism conflict,"Recurrent algal blooms, fluctuating water levels, fish kills and shoreline development kept the ecological state of Hungary's most important lake in the news.","The Balaton is a mass domestic holiday destination; almost every Hungarian family has a stake in its water quality, so ecology becomes a consumer and economic story.",Our lake is dying; tourism and construction versus water quality,Tourism; construction; fisheries; agriculture (nutrient run-off),Yes,Lake Balaton algal bloom; Balaton water level; Balaton development,lago Balatón algas; nivel del agua Balatón,Balaton algásodás; balatoni vízszint; balatoni beruházások; Balaton halpusztulás,https://environment.ec.europa.eu/news/climate-warming-may-increase-algal-blooms-caused-sediment-nutrient-release-lakes-management-must-2023-01-18_en,Pabla's matrix
HU-05,Hungary,2020,2020 (Feb),Local -> National,Negative,Clear-cutting of an EU-protected forest triggers public outrage,La tala rasa de un bosque protegido por la UE provoca indignación pública,Uniós védettség? erd? tarvágása közfelháborodást vált ki,Forestry / protected areas,"Images of clear-felling inside a Natura 2000 forest circulated widely, prompting European-level coverage and questions about how protection is enforced in Hungary.",Before-and-after photographs of a felled forest need no expertise to interpret and spread rapidly on social media.,Protection on paper only; forestry industry versus nature,Forestry; timber; rural economy,Indirect,Hungary EU-protected forest clear-cut; Natura 2000 logging,tala bosque protegido Hungría; Natura 2000,tarvágás Natura 2000 erd?; erd?irtás Magyarországon,https://www.euronews.com/2020/02/18/environmentalists-anger-after-hungary-cuts-down-eu-protected-forest,New
HU-06,Hungary,2020,2020 (Feb–Jun),National,Positive / Mixed,Climate and Nature Protection Action Plan and the Climate Protection Act,Plan de Acción de Protección del Clima y la Naturaleza y la Ley de Protección Climática,Klíma- és Természetvédelmi Akcióterv és a klímavédelmi törvény,Policy launch,The government adopted an eight-point action plan (including tree planting and a ban on illegal waste dumping) and a Climate Protection Act committing Hungary to climate neutrality by 2050.,"Announced as a flagship government programme with heavy state-media promotion, particularly the pledge to plant ten trees for every newborn child.",Patriotic environmentalism; 'a tree for every child'; clean country,Forestry; waste; energy,Yes,Hungary Climate and Nature Protection Action Plan; climate neutrality 2050,Plan de Acción Clima y Naturaleza Hungría; neutralidad climática,Klíma- és Természetvédelmi Akcióterv; klímavédelmi törvény; tízmillió facsemete,https://op.europa.eu/webpub/env/eir-country-reports-summaries/en/hungary.html,New
HU-07,Hungary,2021,2021–2022,Local -> National / International,Negative,Lake Fert? / Sopron luxury development inside a national park and UNESCO site,Desarrollo turístico de lujo en el lago Fert? / Sopron dentro de un parque nacional y sitio UNESCO,A Fert?-tavi (soproni) luxusberuházás nemzeti parkban és UNESCO-világörökségi helyszínen,Development versus conservation,A state-funded resort and marina project cleared protected reedbed and shoreline in the Fert?-Hanság National Park; UNESCO demanded work stop and Greenpeace took legal action.,"A textbook conflict between visible construction and a World Heritage site, amplified by opposition politics and an international body publicly criticising Hungary.",State capture and crony development versus World Heritage; construction over nature,Tourism; construction; water; heritage,No,Lake Ferto development; Sopron-Ferto project; UNESCO Hungary construction,lago Fert? desarrollo turístico; UNESCO Hungría,Fert? tó beruházás; Sopron-Fert? projekt; UNESCO világörökség Fert?,https://english.atlatszo.hu/2021/11/19/unesco-protected-area-in-a-national-park-is-destroyed-for-a-state-funded-luxury-investment/,New
HU-08,Hungary,2021,2021–2022,National,Positive,Third National Biodiversity Strategy to 2030 adopted,Adopción de la Tercera Estrategia Nacional de Biodiversidad a 2030,A harmadik Nemzeti Biodiverzitás Stratégia 2030 elfogadása,Policy / strategy,"Hungary adopted its third National Biodiversity Strategy, aligning national objectives with the EU Biodiversity Strategy for 2030 and later with the global framework.",A concrete national policy hook that can be used to test whether biodiversity commitments are discussed publicly or remain inside the administration.,Compliance with European commitments; technical planning,Agriculture; forestry; water; spatial planning,Yes,Hungary National Biodiversity Strategy 2030; NBSAP Hungary,Estrategia Nacional de Biodiversidad Hungría 2030,Nemzeti Biodiverzitás Stratégia 2030; biológiai sokféleség stratégia,https://www.cbd.int/doc/world/hu/hu-nbsap-v3-en.pdf,Pabla's matrix
HU-09,Hungary,2021,2021–2026,National / Local,Mixed,"Return of large carnivores: wolves, and the golden jackal debate",Retorno de los grandes carnívoros: lobos y el debate sobre el chacal dorado,Nagyragadozók visszatérése: farkasok és az aranysakál körüli vita,Species / human-wildlife conflict,"Wolves recolonised parts of northern Hungary while the golden jackal expanded rapidly nationwide, prompting hunting quotas, damage claims and disputes over control.","Livestock losses, hunting and rural safety give this a strong emotional and economic charge in regional media and among farmers.",Coexistence versus control; rural livelihoods against protected predators,Livestock / agriculture; hunting; forestry,Indirect,wolves Hungary; golden jackal expansion; predator conflict,lobos Hungría; chacal dorado; conflicto con depredadores,farkas Magyarországon; aranysakál terjedése; nagyragadozó konfliktus,https://www.swissinfo.ch/eng/sci-tech/swiss-wolf-reportedly-shot-in-hungary-after-record-journey/48434226,Pabla's matrix
HU-10,Hungary,2022,2022 (summer),National,Negative,Record drought: Lake Velence dries out and the Danube hits record lows,Sequía histórica: el lago Velence se seca y el Danubio alcanza mínimos históricos,Rekordaszály: kiszárad a Velencei-tó és rekordalacsony a Duna vízszintje,Climate / water crisis,"The worst drought in decades dried out large parts of Lake Velence, exposed Danube riverbeds and destroyed a significant share of the maize harvest.",Photographs of a dry lake bed and a walkable Danube reached everyone; food prices and livelihoods made it unavoidable news.,Climate change made local; water scarcity as an economic emergency,Agriculture; shipping; energy; tourism,Yes,Hungary drought 2022; Lake Velence drying; Danube record low,sequía Hungría 2022; lago Velence seco; Danubio nivel mínimo,aszály 2022; Velencei-tó kiszáradás; Duna rekord alacsony vízállás,https://www.dw.com/en/hungarys-lake-velence-is-drying-up/a-78238238,Pabla's matrix
HU-11,Hungary,2022,2022 (Aug),National,Negative -> partial win,"Emergency decree easing logging in protected forests, protests and partial rollback","Decreto de emergencia que flexibiliza la tala en bosques protegidos, protestas y retirada parcial","Vészhelyzeti rendelet a védett erd?k fakitermelésér?l, tiltakozások és részleges visszavonás",Policy / energy-forestry conflict,"Facing an energy crisis, the government issued a decree allowing more intensive logging, including in protected forests, to secure firewood; thousands protested and parts of the decree were withdrawn within weeks.","Street protests, a visible U-turn and a direct link between household heating costs and forest protection made this one of the most discussed environmental stories of the decade.",Heating versus forests; emergency powers against nature; protest as a check on power,Energy; forestry; household economy,Yes,Hungary logging decree protest; firewood protected forests; forest destruction Hungary,decreto tala Hungría; protestas bosques protegidos; leña crisis energética,erd?rendelet 2022; t?zifarendelet; erd?irtás elleni tüntetés; védett erd?k fakitermelés,https://www.euronews.com/green/2022/08/18/hungarians-protest-looser-logging-rules-aimed-at-tackling-energy-crisis,New
HU-12,Hungary,2022,2022–2026,Local -> National,Negative,"Battery gigafactory boom (Debrecen, Göd, Iváncsa): water, land and local resistance","Auge de las gigafábricas de baterías (Debrecen, Göd, Iváncsa): agua, suelo y resistencia local","Akkumulátorgyár-beruházások (Debrecen, Göd, Iváncsa): víz, term?föld és helyi ellenállás",Industry / water conflict,"Very large battery plants serving the electric-vehicle supply chain raised concerns about groundwater abstraction, chemical risk and the conversion of farmland, generating referendum campaigns and local protest.","It sets green industry against local environment and health, is highly place-specific, and mobilises people who would never call themselves environmentalists.",Green transition versus local environment; jobs and investment against water and farmland,Industry; energy transition; water; agriculture,Yes,Hungary battery plant protest; CATL Debrecen water; gigafactory groundwater,fábrica de baterías Hungría protesta; agua subterránea Debrecen,akkumulátorgyár tiltakozás; CATL Debrecen; ivóvízbázis; akkugyár vízfelhasználás,https://op.europa.eu/webpub/env/eir-country-reports-summaries/en/hungary.html,New
HU-13,Hungary,2023,2023 (Jul),International,Positive,European Parliament narrowly adopts the Nature Restoration Law,El Parlamento Europeo aprueba por escaso margen la Ley de Restauración de la Naturaleza,Az Európai Parlament sz?k többséggel elfogadja a természet-helyreállítási rendeletet,EU policy,"After an intense campaign by farming organisations and the European People's Party to reject it, the European Parliament voted narrowly to keep the Nature Restoration Law alive.",The most politically contested EU environmental file of the decade; framed across central Europe as Brussels imposing rules on farmers.,Brussels versus farmers; food security versus restoration,Agriculture; forestry; land use; water,Yes,Nature Restoration Law European Parliament vote; EU restoration regulation,Ley de Restauración de la Naturaleza; votación Parlamento Europeo,természet-helyreállítási rendelet; európai parlamenti szavazás; gazdatiltakozás,https://www.carbonbrief.org/qa-what-does-the-eu-nature-restoration-law-mean-for-climate-and-biodiversity,New
HU-14,Hungary,2024,2024 (Mar),International / National,Negative,Hungary's U-turn blocks the EU Nature Restoration Law in Council,El giro de Hungría bloquea la Ley de Restauración de la Naturaleza en el Consejo de la UE,A magyar pálfordulás blokkolja a természet-helyreállítási rendeletet a Tanácsban,EU policy / diplomacy,"Hungary withdrew its support at the last moment, removing the qualified majority and forcing the vote to be pulled; the law was only adopted in June 2024 after Austria broke ranks.",Placed Hungary at the centre of a European environmental story and was covered as a test of the country's relationship with Brussels.,National sovereignty versus Brussels; farmers' protests as leverage,Agriculture; forestry; EU governance,Yes,Hungary U-turn Nature Restoration Law; Council blocked vote 2024,Hungría bloquea Ley de Restauración de la Naturaleza,Magyarország visszalépés természet-helyreállítási rendelet; tanácsi szavazás blokkolása,https://www.birdlife.org/news/2024/03/22/press-release-member-states-betray-deal-on-nature-restoration-law-following-hungary-u-turn/,New
HU-15,Hungary,2024,2024 (Jul–Dec),International,Mixed,Hungarian Presidency of the Council of the EU and the environment agenda,Presidencia húngara del Consejo de la UE y la agenda ambiental,Magyar EU-tanácsi elnökség és a környezetvédelmi napirend,Governance,"Hungary chaired the Council for six months, steering environmental files and hosting European summits under the slogan 'Make Europe Great Again'.","Six months of concentrated national attention on what Hungary does in Europe, including biodiversity and water files.",National role in Europe; competitiveness above green rules,EU governance; agriculture; water; competitiveness,Yes,Hungarian EU Presidency environment; Budapest Declaration competitiveness,Presidencia húngara del Consejo UE; agenda ambiental,magyar EU-elnökség; környezetvédelmi napirend; Budapesti Nyilatkozat,https://environment.ec.europa.eu/index_en,New
HU-16,Hungary,2023,2023–2026,National,Mixed,"Drought, water scarcity and the national debate on wetland restoration","Sequía, escasez de agua y el debate nacional sobre restauración de humedales","Aszály, vízhiány és a vizes él?helyek helyreállításáról szóló országos vita",Climate / water / restoration,"Repeated drought years pushed water retention, groundwater decline in the Danube-Tisza sandy ridge and wetland restoration from a specialist concern to a mainstream policy debate.","Water scarcity connects biodiversity to farming, food prices, household wells and everyday life, making it the most accessible entry point for biodiversity discourse in Hungary.",Water as the national issue; restoration as insurance; who pays for water retention,Agriculture; water management; forestry; rural livelihoods,Yes,Hungary drought water scarcity; wetland restoration; water retention landscape,sequía Hungría; escasez de agua; restauración de humedales,aszály és vízhiány; vízvisszatartás; vizes él?helyek helyreállítása; talajvízszint süllyedés,https://english.news.cn/20260702/7001990a13644320aeac5d2d121ffa07/c.html,Pabla's matrix
HU-17,Hungary,2026,2026 (Jul),Local / National,Positive response to a negative driver,Emergency water transfer to save the Hortobágy UNESCO wetlands,Trasvase de emergencia para salvar los humedales UNESCO de Hortobágy,Vészhelyzeti vízpótlás a hortobágyi UNESCO-vizes él?helyek megmentésére,Restoration / emergency management,"Facing severe drought, authorities channelled water into the Hortobágy National Park to keep fishponds and marshes alive for migratory birds during the crane season.","A concrete, visual rescue operation at a World Heritage site with charismatic species, reported internationally.",Managed nature; engineering a landscape to survive climate change,Water management; tourism; agriculture,Yes,Hortobagy drought water; UNESCO bird haven Hungary; crane migration Hortobagy,Hortobágy sequía agua; humedales UNESCO Hungría; grullas,hortobágyi vízpótlás; darvak Hortobágy; puszta aszály,https://www.reuters.com/business/environment/hungary-channels-water-protect-unesco-bird-haven-amid-drought-2026-07-17/,Pabla's matrix
HU-18,Hungary,2026,2026 (Jul–Aug),National,Negative,Record-low Danube shuts down Paks reactors: water crisis becomes an energy crisis,El Danubio en mínimos históricos obliga a parar reactores de Paks: la crisis del agua se vuelve energética,Rekordalacsony Duna-vízállás miatt leállnak a paksi blokkok: a vízválság energiaválsággá válik,Climate / water / energy,"Record heat and record-low Danube water levels forced Hungary's only nuclear plant to cut output sharply, as cooling water and river ecology reached their limits.","It converts an ecological indicator (river flow) into electricity supply and prices, forcing a mass audience to think about river systems.",Climate change hits the grid; rivers as infrastructure and as ecosystems,Energy; water; shipping; industry,Yes,Danube record low Paks nuclear; river cooling water shutdown Hungary,Danubio mínimo histórico central nuclear Paks,Duna rekord alacsony vízállás; paksi atomer?m? leállás; h?t?víz,https://www.aljazeera.com/news/2026/8/2/hungary-plans-to-shut-down-only-nuclear-power-plant-amid-drought,New
HU-19,Hungary,2018,2018–2022,National,Negative,African swine fever and mass culling of wild boar,Peste porcina africana y sacrificio masivo de jabalíes,Afrikai sertéspestis és a vaddisznóállomány tömeges gyérítése,Wildlife disease / agriculture,"The arrival of African swine fever in wild boar populations triggered intensive culling programmes, fencing and hunting campaigns to protect the pig industry.","Directly affects pork production and exports, a staple of Hungarian food culture, and involves visible state intervention in wildlife.",Wildlife as a biosecurity threat; protecting the farm economy,Livestock / agriculture; hunting; trade,No,African swine fever Hungary wild boar; ASF culling,peste porcina africana Hungría jabalí,afrikai sertéspestis; vaddisznó gyérítés; sertésállomány védelme,https://op.europa.eu/webpub/env/eir-country-reports-summaries/en/hungary.html,New
HU-20,Hungary,2025,2025,National,Positive,Stricter zoning protection for Hungary's remaining forest steppe,Mayor protección por zonificación para las últimas estepas boscosas de Hungría,Szigorúbb zonális védelem Magyarország megmaradt erd?ssztyeppjeire,Protected area management,"Following sustained NGO campaigning, remaining forest-steppe habitats received stricter zoning and management rules, a rare reversal in favour of strict protection.",A counterweight to the deregulation narrative; useful for testing whether positive conservation news reaches general audiences at all.,Conservation win after civic pressure; strict protection as the exception,Forestry; protected areas; rural land use,Indirect,Hungary forest steppe strict protection; forest zoning Hungary WWF,estepa boscosa Hungría protección estricta,erd?ssztyepp fokozott védelem; erd?zonáció; WWF erd?védelem,https://wilderness-society.org/the-last-remaining-forest-steppes-in-hungary-receive-stricter-protection-through-zoning/,New
HU-21,Hungary,2019,2019–2026,Local / National / International (transboundary),Mixed,Tisza river: plastic pollution clean-ups and the mayfly 'blooming' as a nature icon,Río Tisza: limpiezas de plásticos y la 'floración' de la efímera como icono natural,"Tisza: m?anyagszennyezés, folyótakarítás és a tiszavirágzás mint természeti ikon",Pollution / cultural icon,"Volunteer plastic clean-ups (PET Kupa) on the Tisza publicised transboundary waste flowing in from upstream, while the annual mayfly swarming remains a celebrated national natural spectacle.","Combines a visible pollution scandal with a beloved cultural event, and involves neighbouring countries, giving the story reach and repeatability.",Our river as victim of the neighbours; citizen action; nature as national heritage,Waste; water; tourism; regional cooperation,Indirect,Tisza plastic pollution; PET Kupa; Tisza mayfly blooming,río Tisza plástico; efímera del Tisza,Tisza m?anyagszennyezés; PET Kupa; tiszavirágzás; tiszai hulladék,https://petkupa.hu/eng/,New
CO-01,Colombia,2016,2016 (Nov),National,Mixed,Peace Agreement with the FARC and the new pressures on former conflict territories,Acuerdo de Paz con las FARC y las nuevas presiones sobre los territorios del posconflicto,A FARC-kal kötött békemegállapodás és a konfliktus utáni területekre nehezed? új nyomás,Political / territorial,"The peace agreement opened areas previously controlled by armed groups to roads, cattle, coca and land grabbing, changing access and land-use dynamics across the Amazon and Orinoquía.",The peace process was the dominant national story for years; deforestation became one of its most visible unintended consequences.,"Peace with nature versus the 'paradox of peace'; territory, land grabbing and the state's absence",Cattle ranching; land tenure; infrastructure; security,Yes,Colombia peace agreement deforestation; post-conflict land grabbing Amazon,Acuerdo de Paz deforestación; paradoja de la paz; acaparamiento de tierras,kolumbiai békemegállapodás és erd?irtás,https://www.theguardian.com/world/2017/jul/11/colombia-deforestation-farc,Pabla's matrix
CO-02,Colombia,2016,2016–2017,National / Local,Positive,Ruling T-622: the Atrato River recognised as a subject of rights,Sentencia T-622: el río Atrato reconocido como sujeto de derechos,A T-622 ítélet: az Atrato folyó jogalanyként való elismerése,Legal / rights of nature,"The Constitutional Court recognised the Atrato River as a subject of rights because of mercury contamination from illegal gold mining, and ordered guardianship shared with local Afro-descendant and Indigenous communities.","A striking, easily narrated legal idea ('a river with rights') that connects biodiversity to mining, health and ethnic territorial rights.",Rights of nature; environmental justice for racialised territories; mercury and illegal mining,Mining; health; ethnic territories; water,No,Atrato River rights of nature; T-622 ruling Colombia; illegal gold mining mercury,río Atrato sujeto de derechos; sentencia T-622; minería ilegal mercurio,Atrato folyó jogalanyisága; a természet jogai Kolumbiában,https://www.corteconstitucional.gov.co/relatoria/2016/t-622-16.htm,New
CO-03,Colombia,2018,2018 (Apr),National,Positive,Supreme Court ruling STC 4360: the Colombian Amazon as a subject of rights,Sentencia STC 4360: la Amazonía colombiana como sujeto de derechos,A legfels?bb bíróság STC 4360 ítélete: a kolumbiai Amazónia mint jogalany,Legal / rights of nature,"Responding to a claim brought by 25 children and young people, the Supreme Court recognised the Amazon as a subject of rights and ordered the state to act against deforestation.","Young plaintiffs, an unprecedented legal figure and a global media hook made Amazon protection visible far beyond scientific circles.",Intergenerational justice; rights of nature; youth against the state,Forestry; land tenure; climate policy,Yes,Colombia Supreme Court Amazon rights; STC 4360; youth climate lawsuit,STC 4360 Amazonía sujeto de derechos; demanda de jóvenes,kolumbiai Amazónia jogalanyisága; fiatalok perei,https://www.dw.com/en/colombias-top-court-orders-government-to-protect-amazon-for-future-generations/a-43288343,Pabla's matrix
CO-04,Colombia,2018,2018 (Jul),National / International,Positive,Expansion of Chiribiquete National Park and its UNESCO World Heritage listing,Ampliación del Parque Nacional Chiribiquete y su declaración como Patrimonio Mundial de la UNESCO,A Chiribiquete Nemzeti Park b?vítése és UNESCO világörökségi elismerése,Protected area declaration,"Chiribiquete was expanded to some 4.3 million hectares and inscribed on the UNESCO World Heritage List for both natural and cultural values, including rock art and uncontacted peoples.","National pride story with spectacular imagery ('the Sistine Chapel of the Amazon'), widely covered in general media.",National pride and natural heritage; protection of uncontacted peoples,Tourism; culture; land tenure; forestry,Yes,Chiribiquete World Heritage; largest tropical rainforest national park,Chiribiquete Patrimonio Mundial; ampliación parque nacional; Capilla Sixtina de la Amazonía,Chiribiquete Nemzeti Park; UNESCO világörökség Kolumbia,https://whc.unesco.org/en/list/1174/,New
CO-05,Colombia,2018,2018 (Jul) and after,National / Local,Positive but contested,Páramos Law 1930 of 2018 and the Santurbán delimitation conflict,Ley 1930 de 2018 de páramos y el conflicto por la delimitación de Santurbán,Az 1930/2018-as páramo-törvény és a santurbáni lehatárolási konfliktus,Policy / legal + socio-environmental conflict,"Colombia legislated to protect páramos as strategic ecosystems and ban mining in them, while the delimitation of Santurbán remained a long-running dispute between Bucaramanga's water supply, mining companies and campesino communities.",'Water for the city' is an argument everyone understands; mass marches in Bucaramanga made páramo protection a mainstream civic cause.,Water versus gold; ecosystems as the source of urban water; campesinos caught in between,Mining; water supply; agriculture; urban services,Yes,Colombia paramo law; Santurban delimitation; water versus mining,"Ley 1930 de 2018 páramos; delimitación Santurbán; agua sí, oro no",kolumbiai páramo-törvény; Santurbán vita,https://coljuristas.org/sala_de_prensa/obstaculos-y-oportunidades-presentes-en-la-ley-de-paramos-1930-de-2018-para-la-solucion-de-conflictos-socioambientales,New
CO-06,Colombia,2018,2018–2019,National,Negative,Deforestation spike in the Colombian Amazon,Aumento acelerado de la deforestación en la Amazonía colombiana,Az erd?irtás megugrása a kolumbiai Amazóniában,Environmental crisis / land use,"Annual forest loss rose sharply after the demobilisation of the FARC, concentrated in Caquetá, Guaviare and Meta and driven by cattle, land speculation, roads and coca.","Turned into an annual national indicator reported by every outlet, and a recurring measure of government performance.",Deforestation as national failure; cattle and land grabbing behind the trees,Cattle ranching; roads / infrastructure; illicit crops; land markets,Yes,Colombia Amazon deforestation increase; cattle land grabbing coca,deforestación Amazonía colombiana; ganadería y acaparamiento; cifras IDEAM,erd?irtás Kolumbiában; amazóniai fakitermelés,https://news.mongabay.com/2019/09/as-the-amazon-burns-colombias-forests-decimated-for-cattle-and-coca/,Pabla's matrix
CO-07,Colombia,2019,2019 (Aug–Sep),International,Negative + regional response,Amazon fires and the Leticia Pact,Incendios en la Amazonía y el Pacto de Leticia,Amazóniai tüzek és a leticiai egyezmény,Environmental crisis / diplomacy,Fires across the Amazon basin drew global attention; weeks later Amazonian presidents met in Leticia and signed a regional cooperation pact for the forest.,"A global media event with dramatic imagery, followed by a summit on Colombian soil, keeping the Amazon in national headlines for months.",The lungs of the planet burning; regional sovereignty over the Amazon,Forestry; agriculture; foreign policy; climate,Yes,Amazon fires 2019; Leticia Pact; Amazon summit Colombia,incendios Amazonía 2019; Pacto de Leticia,amazóniai tüzek 2019; leticiai egyezmény,https://www.bbc.com/news/world-latin-america-49609702,Pabla's matrix
CO-08,Colombia,2019,2019 (Dec),International / National,Positive,Colombia signs the Escazú Agreement,Colombia firma el Acuerdo de Escazú,Kolumbia aláírja az Escazú-megállapodást,Environmental rights treaty,"Colombia signed the regional treaty on access to environmental information, participation and justice, and on protection of environmental defenders.","The signature opened a three-year public argument about ratification involving business associations, Congress and human-rights organisations.",Environmental democracy; protection of defenders versus fears over sovereignty and investment,Governance; extractives; human rights,No,Escazu Agreement Colombia signature; environmental defenders treaty,Acuerdo de Escazú firma Colombia; defensores ambientales,Escazú-megállapodás Kolumbia; környezetvéd?k védelme,https://globalwitness.org/en/campaigns/land-and-environmental-defenders/colombia-escazuagreement-ratification/,New
CO-09,Colombia,2016,2016–2026,National / International,Negative,Colombia among the deadliest countries in the world for environmental defenders,Colombia entre los países más letales del mundo para las personas defensoras ambientales,Kolumbia a világ egyik legveszélyesebb országa a környezetvéd?k számára,Human rights / violence,"Successive Global Witness reports have placed Colombia at or near the top of the global ranking for killings of land and environmental defenders, with over 300 deaths in a decade.","Each report generates a national news cycle and connects biodiversity to violence, territorial control and the security agenda.",Defending nature costs lives; territorial violence and impunity,Mining; agriculture; illicit economies; security,No,Global Witness Colombia defenders killed; land and environmental defenders,líderes ambientales asesinados Colombia; Global Witness defensores,megölt környezetvéd?k Kolumbiában,https://globalwitness.org/en/press-releases/global-witness-welcomes-colombia-ratifying-key-agreement-protection-land-and-environment-defenders-after-322-killed-colombia-last-decade/,New
CO-10,Colombia,2020,2020–2021,National,Negative,"COVID-19 lockdowns, the deforestation surge and wildlife trafficking","Confinamientos por COVID-19, repunte de la deforestación y tráfico de fauna","A COVID-19 lezárások, az erd?irtás megugrása és a vadkereskedelem",Crisis / governance,"With state presence reduced during the pandemic, forest loss and illegal wildlife trade increased, while zoonotic disease put the human-nature relationship into everyday conversation.",The pandemic made 'we invaded nature' a mass-audience idea; it is a natural discourse hinge between health and biodiversity.,Zoonoses and the invasion of nature; the absent state,Health; forestry; illegal trade,Yes,Colombia deforestation pandemic; wildlife trafficking COVID; zoonotic disease,deforestación pandemia Colombia; tráfico de fauna silvestre; zoonosis,erd?irtás a járvány idején; vadkereskedelem,https://news.mongabay.com/2019/09/as-the-amazon-burns-colombias-forests-decimated-for-cattle-and-coca/,New
CO-11,Colombia,2021,2021 (Nov),International / National,Positive,Colombia pledges at COP26 to protect 30% of its territory by 2022,Colombia se compromete en la COP26 a proteger el 30 % de su territorio para 2022,Kolumbia a COP26-on vállalja területe 30%-ának védelmét 2022-ig,Policy commitment / protected areas,"At COP26 Colombia committed to reaching the 30% protected-area target eight years ahead of the global schedule, and declared the goal met for marine areas in 2022.","A concrete, quantified promise made on a world stage, later used as a benchmark to judge the country's conservation record.",Colombia as a biodiversity power; ambition ahead of the world,Marine / fisheries; protected areas; tourism,Yes,Colombia 30x30 commitment COP26; marine protected areas 30 percent,Colombia 30 % áreas protegidas COP26; áreas marinas protegidas,Kolumbia 30x30 vállalás; védett tengeri területek,https://www.euronews.com/2021/11/02/colombia-commits-to-protecting-30-of-its-land-by-2022-8-years-ahead-of-schedule,New
CO-12,Colombia,2022,2022 (Feb) onwards,National / Local,Negative / Mixed,"Hippos declared an invasive species: sterilisation, relocation and euthanasia debate","Los hipopótamos declarados especie invasora: esterilización, traslado y debate sobre eutanasia","A vízilovak invazív fajjá nyilvánítása: sterilizálás, áttelepítés és az eutanáziavita",Invasive species / human-wildlife conflict,"The hippos descended from Pablo Escobar's private zoo were formally declared invasive; the state moved through sterilisation, relocation abroad and a contested euthanasia plan as the population kept growing in the Magdalena basin.","An extraordinary story combining drug-trafficking history, charismatic animals and animal-welfare emotion; it reaches audiences with no interest in ecology at all.",Animal welfare versus ecological science; a narco legacy in the landscape,Fisheries; livestock; tourism; public safety,No,Colombia cocaine hippos invasive species; hippo sterilisation euthanasia,hipopótamos de Escobar especie invasora; esterilización de hipopótamos; eutanasia,kolumbiai vízilovak; invazív faj; Escobar vízilovai,https://www.nytimes.com/2026/05/11/world/americas/pablo-escobar-hippos-colombia.html,Pabla's matrix
CO-13,Colombia,2022,2022 (Aug) and 2023 (Jan),National,Mixed,The Petro government's 'world power of life' agenda and the halt to new oil exploration contracts,La agenda de 'potencia mundial de la vida' del gobierno Petro y el fin de nuevos contratos de exploración petrolera,A Petro-kormány 'az élet világhatalma' programja és az új olajkutatási szerz?dések leállítása,Policy / energy transition,"A government elected on an explicitly environmental platform announced it would sign no new oil and gas exploration contracts, placing biodiversity and energy transition at the centre of national politics.","One of the most polarising economic debates of the period, discussed daily in business, political and regional media.",Life versus extractivism; energy sovereignty and fiscal risk,Oil and gas; mining; fiscal policy; agriculture,Yes,Colombia no new oil contracts; potencia mundial de la vida; energy transition Petro,potencia mundial de la vida; no nuevos contratos petroleros; transición energética,kolumbiai olajkutatási tilalom; energiaátmenet,https://worldoil.com/news/2023/1/19/colombia-s-choice-to-halt-new-oil-and-gas-exploration-contracts-absolutely-urgent/,New
CO-14,Colombia,2022,2022 (Nov),National / International,Positive,Colombia ratifies the Escazú Agreement (Law 2273 of 2022),Colombia ratifica el Acuerdo de Escazú (Ley 2273 de 2022),Kolumbia ratifikálja az Escazú-megállapodást (2273/2022 törvény),Legal ratification,"Congress approved ratification of the Escazú Agreement, binding Colombia to environmental information, participation, justice and protection for defenders.","The culmination of a three-year public battle, celebrated and contested in national media and later reviewed by the Constitutional Court.",Environmental democracy achieved; defenders finally protected,Governance; extractives; human rights; justice,No,Colombia ratifies Escazu; Law 2273 of 2022,Colombia ratifica Escazú; Ley 2273 de 2022,Escazú-megállapodás ratifikálása Kolumbiában,https://globalwitness.org/en/press-releases/global-witness-welcomes-colombia-ratifying-key-agreement-protection-land-and-environment-defenders-after-322-killed-colombia-last-decade/,New
CO-15,Colombia,2022,2022 (Dec),International,Positive,COP15 in Montreal adopts the Kunming-Montreal Global Biodiversity Framework,La COP15 de Montreal adopta el Marco Mundial de Biodiversidad de Kunming-Montreal,A montreali COP15 elfogadja a kunming-montreali globális biodiverzitási keretrendszert,Global policy framework,"Parties adopted 23 global targets to 2030, including protecting 30% of land and sea, and Colombia positioned itself to host the next Conference of the Parties.","The 'Paris Agreement for nature' framing gave general media a familiar reference point, and the bid to host COP16 made it a national story.","A Paris moment for nature; global targets, national obligations",Cross-sectoral; agriculture; finance,Yes,Kunming-Montreal Global Biodiversity Framework; COP15 30x30 targets,Marco Global de Biodiversidad Kunming-Montreal; COP15 metas 30x30,kunming-montreali globális biodiverzitási keretrendszer; COP15,https://www.cbd.int/gbf,New
CO-16,Colombia,2023,2023 (Aug),International,Mixed,Amazon Summit in Belém and the relaunch of ACTO,Cumbre Amazónica de Belém y el relanzamiento de la OTCA,Belémi amazóniai csúcstalálkozó és az ACTO újraindítása,Regional diplomacy,"Amazonian heads of state met in Belém and issued a joint declaration, though without a shared deforestation deadline or an oil moratorium.",Regional summits with presidents present generate strong political coverage and expose disagreements over oil in the Amazon.,Regional sovereignty over the Amazon; the gap between declarations and deadlines,Oil and gas; forestry; foreign policy,Yes,Amazon Summit Belem 2023; ACTO declaration; Amazon point of no return,Cumbre Amazónica Belém; OTCA; punto de no retorno,belémi amazóniai csúcs; ACTO nyilatkozat,https://www.iucn.nl/en/news/amazon-summit-has-crucial-role-in-reversing-the-amazons-point-of-no-return/,Pabla's matrix
CO-17,Colombia,2023,2023 (Jul) and 2024 (Jul),National,Positive,Deforestation falls 29% and then to a 23-year low,La deforestación cae un 29 % y luego al nivel más bajo en 23 años,"Az erd?irtás 29%-kal csökken, majd 23 éves mélypontra esik",Environmental indicator / policy result,"Official figures showed a 29% fall in forest loss for 2022 and a historic low for 2023, attributed to negotiations with armed groups, forest agreements with communities and enforcement.","A rare good-news environmental headline, used by government as proof of concept and by critics as evidence of dependence on armed-group decisions.","Proof that policy works, or forest governance outsourced to armed groups",Forestry; security; rural development; cattle,Yes,Colombia deforestation historic low; 29 percent drop deforestation,deforestación cae 29 %; mínimo histórico deforestación Colombia,erd?irtás csökkenése Kolumbiában,https://www.aljazeera.com/news/2024/7/8/colombia-deforestation-fell-to-historic-low-last-year,New
CO-18,Colombia,2024,2024 (Apr) – 2025 (Apr),Local -> National,Negative,Bogotá's twelve months of water rationing,Los doce meses de racionamiento de agua en Bogotá,Bogotá tizenkét hónapos vízkorlátozása,Climate / water crisis,"With Chingaza reservoirs at critical levels after El Niño, Bogotá rationed water for around nine million people for a full year, ending in April 2025.",It is the clearest possible link between an ecosystem (the páramos that feed the reservoirs) and daily urban life; every household experienced it.,The páramo in your tap; climate change arrives in the city,Water supply; urban services; agriculture; energy,Yes,Bogota water rationing; Chingaza reservoirs; El Nino drought Colombia,racionamiento de agua Bogotá; embalses Chingaza; páramos y agua,bogotái vízkorlátozás; szárazság Kolumbiában,https://colombiaone.com/2025/04/11/colombia-bogota-water-restrictions-2/,New
CO-19,Colombia,2024,2024 (Oct–Nov),International / National,Positive,COP16 in Cali: 'Peace with Nature',COP16 en Cali: 'Paz con la Naturaleza',COP16 Caliban: 'Béke a természettel',Global summit hosted nationally,"Colombia hosted the UN biodiversity conference, delivering a permanent subsidiary body for Indigenous peoples and local communities under Article 8(j) and the Cali Fund on digital sequence information, alongside a large public 'Green Zone'.","The strongest candidate event in the whole series: biodiversity became a mass national topic, with a public programme in the city and daily coverage for two weeks.",Peace with nature; Indigenous and Afro-descendant recognition; the Global South leading,Cross-sectoral; tourism; pharma / biotech; agriculture,Yes,COP16 Cali biodiversity; Cali Fund; Article 8j subsidiary body; peace with nature,COP16 Cali; Paz con la Naturaleza; Fondo de Cali; artículo 8j; zona verde,COP16 Cali; béke a természettel; Cali Alap,https://news.un.org/en/story/2024/11/1156456,Pabla's matrix
CO-20,Colombia,2024,2024 (Oct),National,Positive,Colombia launches its Biodiversity Action Plan to 2030 (PAB),Colombia lanza su Plan de Acción de Biodiversidad al 2030 (PAB),Kolumbia bemutatja 2030-ig szóló biodiverzitási cselekvési tervét,National policy instrument,At the opening of COP16 Colombia presented its national plan translating the global framework into 191 national actions and six strategic lines to 2030.,"A rare case of a technical national plan being launched into a mass-audience moment, which makes it traceable in general media as well as specialist outlets.",National implementation of a global promise; biodiversity as development policy,Agriculture; mining; energy; tourism; finance,Yes,Colombia Biodiversity Action Plan 2030; NBSAP Colombia COP16,Plan de Acción de Biodiversidad 2030; PAB Colombia; metas de biodiversidad,kolumbiai biodiverzitási cselekvési terv 2030,https://www.minambiente.gov.co/colombia-abre-la-cop16-con-la-presentacion-oficial-de-su-plan-de-accion-para-proteger-la-biodiversidad-al-2030/,New
CO-21,Colombia,2025,2025 (Feb),International,Positive,Resumed COP16 in Rome agrees the biodiversity finance roadmap,La COP16 reanudada en Roma acuerda la hoja de ruta de financiación de la biodiversidad,A római folytatólagos COP16 elfogadja a biodiverzitás finanszírozási ütemtervét,Global policy,"Under Colombia's presidency, negotiations that had collapsed in Cali were completed in Rome, agreeing a strategy to mobilise 200 billion dollars a year by 2030 and a monitoring framework.","A second chance story with a clear success ending, keeping Colombia's environmental leadership in the news months after Cali.",Colombian leadership delivers; who pays for nature,Finance; development cooperation,Yes,COP16 Rome resumed session; biodiversity finance roadmap; 200 billion by 2030,COP16 Roma sesión reanudada; hoja de ruta financiación biodiversidad,COP16 Róma; biodiverzitás finanszírozási ütemterv,https://www.carbonbrief.org/cop16-key-outcomes-agreed-at-the-resumed-un-biodiversity-conference-in-rome,New
CO-22,Colombia,2025,2025 (Jul),National,Negative,"Deforestation surges 43% in 2024, driven by fires and land grabbing","La deforestación se dispara un 43 % en 2024, impulsada por incendios y acaparamiento de tierras","Az erd?irtás 43%-kal n? 2024-ben, tüzek és földfoglalás miatt",Environmental indicator / crisis,"After two years of improvement, forest loss rose sharply again as armed groups changed their stance, fires spread during a dry season and land grabbing accelerated.",The reversal of a celebrated success is a strong political story and directly challenges the government's environmental credentials.,The gains were fragile; armed groups control the forest frontier,Cattle ranching; illicit economies; security; land markets,Yes,Colombia deforestation surge 43 percent; fires land grabbing Amazon 2024,deforestación aumenta 43 %; incendios y acaparamiento; cifras 2024,erd?irtás növekedése Kolumbiában 2024,https://www.yahoo.com/news/articles/colombia-deforestation-surges-43-fueled-183009621.html,New
CO-23,Colombia,2026,2026 (Apr),International / National,Positive but contested,Santa Marta hosts the first international conference on transitioning away from fossil fuels,Santa Marta acoge la primera conferencia internacional sobre la transición para abandonar los combustibles fósiles,Santa Marta ad otthont az els? nemzetközi konferenciának a fosszilis tüzel?anyagoktól való elfordulásról,Climate-biodiversity diplomacy,"Colombia and the Netherlands convened the first international conference on fossil fuel phase-out, held in Santa Marta with strong Indigenous and civil-society participation.","Another global summit on Colombian soil, connecting the climate and biodiversity agendas and generating a national argument about the economy.",Just transition; the Global South setting the climate agenda; jobs and oil revenue at stake,Oil and gas; labour; foreign policy; Indigenous rights,Yes,Santa Marta fossil fuel conference; transitioning away from fossil fuels 2026,conferencia Santa Marta combustibles fósiles; transición justa,Santa Marta-i konferencia; fosszilis tüzel?anyagok kivezetése,https://www.carbonbrief.org/santa-marta-key-outcomes-from-first-summit-on-transitioning-away-from-fossil-fuels,New
CO-24,Colombia,2026,2026 (Aug),National,Mixed,2025 deforestation figures: a slight rise as Amazon loss holds steady,Cifras de deforestación 2025: leve aumento mientras la pérdida amazónica se mantiene,"A 2025-ös erd?irtási adatok: enyhe növekedés, az amazóniai veszteség stagnál",Environmental indicator,Government figures released in 2026 showed total deforestation rising slightly while Amazon forest loss remained roughly stable compared with the previous year.,The annual figure is now a fixed point in the national news calendar and a routine test of government performance.,Annual scorecard for the government; plateau or progress,Forestry; cattle; security; land use,Yes,Colombia deforestation 2025 figures; Amazon forest loss steady,cifras deforestación 2025 Colombia; pérdida de bosque amazónico,kolumbiai erd?irtási adatok 2025,https://www.washingtonpost.com/world/2026/08/01/amazon-deforestation-data-colombia-2025-forest-loss/787a4570-8dbd-11f1-8912-d71e69d679d7_story.html,New
CO-25,Colombia,2024,2024–2026,National / Local,Negative,"Illegal mining, environmental crime and the 2026 election debate on the environment","Minería ilegal, delitos ambientales y el debate ambiental en las elecciones de 2026","Illegális bányászat, környezeti b?nözés és a 2026-os választási kampány környezetvédelmi vitája",Environmental conflict / governance,"Mercury pollution, illegal gold mining and armed control of territory remained central, and the environment became an explicit dividing line in the 2026 presidential campaign.",Elections concentrate national attention; environmental policy is argued about by candidates rather than only by specialists.,Environmental crime and territorial governance; the environment as an election issue,Mining; security; agriculture; rural livelihoods,Yes,Colombia illegal mining mercury; environment election 2026; environmental crime Amazon,minería ilegal Colombia; delitos ambientales; elecciones 2026 medio ambiente,illegális bányászat Kolumbiában; 2026-os választások és a környezet,https://www.washingtonpost.com/business/2026/06/24/amazon-politics-election-colombia-rainforest-brazil/40403706-6ff8-11f1-8730-e7fd0e2a6404_story.html,Pabla's matrix
